date,issue_count
2010-08-31,1
2010-09-11,2
2010-10-19,3
2010-10-23,4
2010-10-26,7
2010-11-16,8
2010-11-23,9
2010-11-25,10
2010-12-13,11
2010-12-16,12
2010-12-17,13
2011-01-10,14
2011-01-11,15
2011-01-12,18
2011-01-13,19
2011-01-17,21
2011-01-20,25
2011-01-24,27
2011-01-25,28
2011-01-26,29
2011-01-27,30
2011-02-02,31
2011-02-07,32
2011-02-08,33
2011-02-11,34
2011-02-12,35
2011-02-13,38
2011-02-17,39
2011-02-18,40
2011-02-22,42
2011-02-24,43
2011-03-01,44
2011-03-02,45
2011-03-03,46
2011-03-06,47
2011-03-08,48
2011-03-11,49
2011-03-30,50
2011-04-01,53
2011-04-04,54
2011-04-27,55
2011-05-02,56
2011-05-03,58
2011-05-05,60
2011-05-06,61
2011-05-12,63
2011-05-15,64
2011-05-16,67
2011-05-17,70
2011-05-19,72
2011-05-22,73
2011-05-24,74
2011-05-26,75
2011-05-28,76
2011-05-30,77
2011-05-31,78
2011-06-03,79
2011-06-06,81
2011-06-07,82
2011-06-15,84
2011-06-16,85
2011-06-18,86
2011-06-24,87
2011-06-28,88
2011-07-03,89
2011-07-04,90
2011-07-05,91
2011-07-08,94
2011-07-09,95
2011-07-14,96
2011-07-15,97
2011-07-16,99
2011-07-18,101
2011-07-19,102
2011-07-22,103
2011-07-23,104
2011-07-24,105
2011-07-29,108
2011-08-02,109
2011-08-04,110
2011-08-12,111
2011-08-24,113
2011-08-26,114
2011-08-28,115
2011-08-30,116
2011-09-01,118
2011-09-02,123
2011-09-03,124
2011-09-05,125
2011-09-06,126
2011-09-07,127
2011-09-11,128
2011-09-13,129
2011-09-21,132
2011-09-22,133
2011-09-23,134
2011-09-25,136
2011-09-27,138
2011-09-28,140
2011-09-29,141
2011-10-03,143
2011-10-04,145
2011-10-07,146
2011-10-09,148
2011-10-10,149
2011-10-12,152
2011-10-16,153
2011-10-17,154
2011-10-18,156
2011-10-19,157
2011-10-20,159
2011-10-21,160
2011-10-25,161
2011-10-31,162
2011-11-01,164
2011-11-06,165
2011-11-08,167
2011-11-09,168
2011-11-11,169
2011-11-14,170
2011-11-15,171
2011-11-16,172
2011-11-24,174
2011-11-25,175
2011-12-05,176
2011-12-13,177
2011-12-18,179
2011-12-19,181
2011-12-20,183
2011-12-21,184
2011-12-25,185
2011-12-28,186
2011-12-29,187
2012-01-04,188
2012-01-05,190
2012-01-06,191
2012-01-08,194
2012-01-11,197
2012-01-12,198
2012-01-14,199
2012-01-15,200
2012-01-16,203
2012-01-17,206
2012-01-18,209
2012-01-20,210
2012-01-22,211
2012-01-23,213
2012-01-24,216
2012-01-26,218
2012-01-27,219
2012-01-28,220
2012-01-29,221
2012-01-30,222
2012-01-31,224
2012-02-01,226
2012-02-02,228
2012-02-09,229
2012-02-10,233
2012-02-12,235
2012-02-13,238
2012-02-15,240
2012-02-16,241
2012-02-17,244
2012-02-20,245
2012-02-21,246
2012-02-22,247
2012-02-24,248
2012-02-25,249
2012-02-28,253
2012-02-29,254
2012-03-01,256
2012-03-03,257
2012-03-04,261
2012-03-05,262
2012-03-09,263
2012-03-13,264
2012-03-14,265
2012-03-15,266
2012-03-16,267
2012-03-18,268
2012-03-19,269
2012-03-20,270
2012-03-21,273
2012-03-23,275
2012-03-24,276
2012-03-25,278
2012-03-26,279
2012-03-27,281
2012-03-28,283
2012-03-29,284
2012-03-31,288
2012-04-02,289
2012-04-03,291
2012-04-04,293
2012-04-06,294
2012-04-10,295
2012-04-11,296
2012-04-12,298
2012-04-13,302
2012-04-14,303
2012-04-17,305
2012-04-18,307
2012-04-19,308
2012-04-20,310
2012-04-23,311
2012-04-24,313
2012-04-25,316
2012-04-26,318
2012-04-27,319
2012-04-30,320
2012-05-01,322
2012-05-02,323
2012-05-03,324
2012-05-04,326
2012-05-05,328
2012-05-06,332
2012-05-07,334
2012-05-09,338
2012-05-10,339
2012-05-11,340
2012-05-13,341
2012-05-14,343
2012-05-15,345
2012-05-16,347
2012-05-19,348
2012-05-21,349
2012-05-25,350
2012-05-29,352
2012-06-02,354
2012-06-03,356
2012-06-05,357
2012-06-08,361
2012-06-12,365
2012-06-13,366
2012-06-17,367
2012-06-22,368
2012-06-27,371
2012-06-28,372
2012-07-02,373
2012-07-04,375
2012-07-05,378
2012-07-06,379
2012-07-07,380
2012-07-10,384
2012-07-11,385
2012-07-12,387
2012-07-13,388
2012-07-16,389
2012-07-17,390
2012-07-18,395
2012-07-24,398
2012-07-25,399
2012-07-27,400
2012-07-30,401
2012-07-31,402
2012-08-01,403
2012-08-02,405
2012-08-05,406
2012-08-06,407
2012-08-08,408
2012-08-09,410
2012-08-10,412
2012-08-11,413
2012-08-12,418
2012-08-13,421
2012-08-15,424
2012-08-17,428
2012-08-18,430
2012-08-21,432
2012-08-22,433
2012-08-23,437
2012-08-24,440
2012-08-26,441
2012-08-27,444
2012-08-28,445
2012-08-29,447
2012-08-30,451
2012-09-01,454
2012-09-02,456
2012-09-03,458
2012-09-04,460
2012-09-05,464
2012-09-06,469
2012-09-07,471
2012-09-09,472
2012-09-10,473
2012-09-11,475
2012-09-12,477
2012-09-13,478
2012-09-14,479
2012-09-15,480
2012-09-16,486
2012-09-17,490
2012-09-18,491
2012-09-20,492
2012-09-21,493
2012-09-24,495
2012-09-25,498
2012-09-26,499
2012-09-28,501
2012-09-29,504
2012-10-01,505
2012-10-03,506
2012-10-04,508
2012-10-05,510
2012-10-06,512
2012-10-07,518
2012-10-08,520
2012-10-09,524
2012-10-10,525
2012-10-11,527
2012-10-14,529
2012-10-15,530
2012-10-16,533
2012-10-18,538
2012-10-19,543
2012-10-20,544
2012-10-21,547
2012-10-22,549
2012-10-23,550
2012-10-24,552
2012-10-25,554
2012-10-26,555
2012-10-27,557
2012-10-29,558
2012-10-30,560
2012-10-31,564
2012-11-01,568
2012-11-02,570
2012-11-04,572
2012-11-05,577
2012-11-06,579
2012-11-08,582
2012-11-09,585
2012-11-10,587
2012-11-12,588
2012-11-13,591
2012-11-14,592
2012-11-15,595
2012-11-17,596
2012-11-18,598
2012-11-19,599
2012-11-20,600
2012-11-21,603
2012-11-22,605
2012-11-23,607
2012-11-24,611
2012-11-26,615
2012-11-27,616
2012-11-28,618
2012-11-29,619
2012-11-30,620
2012-12-01,621
2012-12-02,624
2012-12-03,625
2012-12-04,627
2012-12-05,628
2012-12-06,630
2012-12-08,631
2012-12-09,633
2012-12-10,634
2012-12-11,639
2012-12-12,641
2012-12-14,644
2012-12-15,645
2012-12-16,646
2012-12-21,648
2012-12-23,649
2012-12-24,651
2012-12-26,654
2012-12-27,655
2012-12-31,657
2013-01-02,660
2013-01-03,664
2013-01-04,665
2013-01-06,671
2013-01-07,674
2013-01-08,676
2013-01-09,678
2013-01-10,682
2013-01-12,683
2013-01-13,687
2013-01-14,688
2013-01-15,689
2013-01-16,690
2013-01-17,692
2013-01-18,693
2013-01-19,696
2013-01-20,697
2013-01-21,699
2013-01-22,700
2013-01-23,704
2013-01-24,709
2013-01-25,712
2013-01-28,714
2013-01-29,719
2013-01-30,721
2013-01-31,722
2013-02-01,726
2013-02-02,727
2013-02-03,729
2013-02-04,731
2013-02-06,733
2013-02-07,736
2013-02-08,737
2013-02-09,740
2013-02-10,743
2013-02-11,744
2013-02-12,745
2013-02-13,746
2013-02-14,748
2013-02-15,751
2013-02-16,752
2013-02-18,754
2013-02-20,755
2013-02-21,759
2013-02-22,762
2013-02-23,763
2013-02-24,765
2013-02-25,766
2013-02-26,767
2013-02-28,769
2013-03-01,773
2013-03-03,774
2013-03-04,775
2013-03-05,777
2013-03-06,780
2013-03-08,782
2013-03-09,783
2013-03-10,784
2013-03-11,786
2013-03-12,789
2013-03-13,790
2013-03-15,793
2013-03-16,796
2013-03-17,798
2013-03-18,801
2013-03-20,803
2013-03-21,804
2013-03-22,806
2013-03-23,807
2013-03-24,808
2013-03-25,811
2013-03-26,813
2013-03-27,816
2013-03-31,817
2013-04-01,818
2013-04-02,820
2013-04-03,825
2013-04-04,826
2013-04-06,827
2013-04-08,828
2013-04-09,830
2013-04-11,833
2013-04-12,834
2013-04-13,835
2013-04-15,837
2013-04-16,838
2013-04-17,839
2013-04-18,844
2013-04-19,845
2013-04-20,846
2013-04-22,847
2013-04-25,849
2013-04-26,855
2013-04-27,856
2013-05-02,858
2013-05-03,861
2013-05-05,862
2013-05-06,865
2013-05-07,866
2013-05-08,867
2013-05-12,868
2013-05-13,871
2013-05-14,873
2013-05-15,877
2013-05-18,878
2013-05-19,879
2013-05-20,880
2013-05-21,886
2013-05-22,887
2013-05-23,891
2013-05-24,892
2013-05-27,894
2013-05-28,896
2013-05-31,897
2013-06-01,898
2013-06-02,899
2013-06-04,901
2013-06-05,905
2013-06-06,909
2013-06-09,915
2013-06-10,917
2013-06-11,918
2013-06-12,919
2013-06-13,926
2013-06-14,928
2013-06-16,929
2013-06-17,930
2013-06-23,931
2013-06-24,934
2013-06-25,938
2013-06-27,941
2013-06-28,945
2013-06-29,947
2013-06-30,949
2013-07-01,950
2013-07-02,953
2013-07-03,954
2013-07-04,955
2013-07-07,956
2013-07-08,958
2013-07-12,959
2013-07-13,961
2013-07-15,963
2013-07-16,964
2013-07-17,967
2013-07-18,969
2013-07-19,970
2013-07-20,971
2013-07-21,972
2013-07-22,976
2013-07-23,979
2013-07-24,982
2013-07-25,995
2013-07-26,998
2013-07-27,1002
2013-07-28,1012
2013-07-29,1019
2013-07-30,1023
2013-07-31,1024
2013-08-04,1025
2013-08-05,1026
2013-08-07,1027
2013-08-08,1029
2013-08-09,1030
2013-08-10,1031
2013-08-12,1032
2013-08-13,1035
2013-08-16,1037
2013-08-20,1040
2013-08-21,1041
2013-08-22,1044
2013-08-23,1046
2013-08-24,1047
2013-08-27,1050
2013-08-28,1053
2013-08-30,1055
2013-09-02,1056
2013-09-03,1057
2013-09-04,1058
2013-09-06,1060
2013-09-07,1061
2013-09-08,1062
2013-09-09,1063
2013-09-10,1064
2013-09-12,1065
2013-09-13,1067
2013-09-15,1068
2013-09-16,1070
2013-09-17,1074
2013-09-18,1076
2013-09-21,1078
2013-09-22,1080
2013-09-24,1081
2013-09-25,1082
2013-09-27,1083
2013-09-28,1084
2013-09-30,1086
2013-10-02,1087
2013-10-05,1088
2013-10-06,1089
2013-10-08,1092
2013-10-09,1096
2013-10-10,1101
2013-10-11,1102
2013-10-15,1105
2013-10-17,1106
2013-10-18,1107
2013-10-19,1108
2013-10-20,1110
2013-10-21,1111
2013-10-25,1112
2013-10-27,1113
2013-10-28,1115
2013-10-30,1117
2013-10-31,1120
2013-11-02,1121
2013-11-04,1123
2013-11-05,1125
2013-11-07,1126
2013-11-09,1127
2013-11-10,1128
2013-11-11,1129
2013-11-13,1130
2013-11-14,1131
2013-11-15,1132
2013-11-16,1133
2013-11-18,1134
2013-11-20,1136
2013-11-21,1138
2013-11-22,1139
2013-11-23,1140
2013-11-24,1142
2013-11-25,1143
2013-11-27,1144
2013-11-29,1145
2013-11-30,1146
2013-12-01,1147
2013-12-04,1148
2013-12-05,1149
2013-12-06,1152
2013-12-07,1153
2013-12-08,1155
2013-12-09,1156
2013-12-10,1158
2013-12-12,1159
2013-12-13,1162
2013-12-14,1163
2013-12-16,1165
2013-12-19,1166
2013-12-20,1167
2013-12-24,1168
2013-12-25,1169
2013-12-26,1172
2013-12-29,1174
2013-12-30,1176
2014-01-02,1179
2014-01-03,1181
2014-01-05,1182
2014-01-06,1185
2014-01-07,1186
2014-01-08,1189
2014-01-09,1190
2014-01-10,1191
2014-01-11,1192
2014-01-12,1193
2014-01-13,1195
2014-01-14,1197
2014-01-15,1198
2014-01-16,1200
2014-01-17,1201
2014-01-19,1203
2014-01-20,1204
2014-01-21,1205
2014-01-22,1207
2014-01-23,1208
2014-01-24,1209
2014-01-25,1210
2014-01-29,1211
2014-01-30,1213
2014-01-31,1216
2014-02-01,1218
2014-02-03,1220
2014-02-04,1221
2014-02-06,1224
2014-02-08,1225
2014-02-09,1226
2014-02-11,1229
2014-02-12,1230
2014-02-13,1231
2014-02-18,1232
2014-02-19,1234
2014-02-20,1236
2014-02-21,1237
2014-02-24,1241
2014-02-25,1243
2014-02-26,1250
2014-02-27,1251
2014-02-28,1255
2014-03-03,1260
2014-03-04,1262
2014-03-10,1263
2014-03-11,1264
2014-03-12,1265
2014-03-13,1268
2014-03-14,1270
2014-03-17,1272
2014-03-18,1274
2014-03-20,1275
2014-03-21,1277
2014-03-22,1280
2014-03-24,1286
2014-03-25,1287
2014-03-27,1288
2014-03-28,1290
2014-03-30,1292
2014-04-01,1294
2014-04-02,1298
2014-04-03,1301
2014-04-04,1302
2014-04-05,1303
2014-04-07,1304
2014-04-09,1307
2014-04-10,1308
2014-04-11,1309
2014-04-15,1312
2014-04-16,1314
2014-04-17,1315
2014-04-19,1317
2014-04-21,1318
2014-04-22,1320
2014-04-24,1321
2014-04-25,1322
2014-04-26,1324
2014-04-27,1325
2014-04-28,1326
2014-04-29,1329
2014-04-30,1330
2014-05-05,1332
2014-05-07,1334
2014-05-08,1335
2014-05-10,1336
2014-05-11,1337
2014-05-13,1338
2014-05-14,1340
2014-05-16,1341
2014-05-18,1343
2014-05-19,1345
2014-05-20,1348
2014-05-21,1352
2014-05-22,1358
2014-05-23,1362
2014-05-24,1363
2014-05-26,1364
2014-05-27,1368
2014-05-28,1373
2014-05-30,1376
2014-05-31,1378
2014-06-02,1381
2014-06-04,1382
2014-06-05,1384
2014-06-06,1387
2014-06-07,1388
2014-06-09,1389
2014-06-10,1391
2014-06-11,1392
2014-06-12,1397
2014-06-13,1398
2014-06-17,1400
2014-06-18,1402
2014-06-19,1405
2014-06-22,1407
2014-06-25,1410
2014-06-26,1412
2014-06-30,1413
2014-07-01,1415
2014-07-02,1416
2014-07-03,1417
2014-07-04,1418
2014-07-05,1419
2014-07-08,1420
2014-07-09,1421
2014-07-11,1423
2014-07-13,1427
2014-07-14,1429
2014-07-15,1434
2014-07-16,1438
2014-07-17,1440
2014-07-18,1448
2014-07-19,1449
2014-07-20,1458
2014-07-21,1461
2014-07-22,1464
2014-07-23,1466
2014-07-24,1468
2014-07-25,1471
2014-07-28,1472
2014-07-29,1476
2014-07-30,1480
2014-07-31,1483
2014-08-01,1485
2014-08-03,1486
2014-08-05,1488
2014-08-06,1490
2014-08-07,1492
2014-08-08,1493
2014-08-10,1494
2014-08-11,1499
2014-08-12,1502
2014-08-13,1504
2014-08-14,1506
2014-08-15,1509
2014-08-16,1511
2014-08-18,1512
2014-08-19,1514
2014-08-22,1516
2014-08-23,1517
2014-08-25,1518
2014-08-26,1521
2014-08-27,1522
2014-08-28,1525
2014-08-29,1528
2014-08-30,1529
2014-08-31,1531
2014-09-01,1533
2014-09-03,1538
2014-09-04,1541
2014-09-05,1542
2014-09-06,1545
2014-09-08,1548
2014-09-09,1549
2014-09-10,1550
2014-09-12,1551
2014-09-13,1553
2014-09-14,1555
2014-09-16,1556
2014-09-17,1559
2014-09-20,1560
2014-09-22,1563
2014-09-23,1567
2014-09-24,1569
2014-09-25,1572
2014-09-26,1574
2014-09-27,1576
2014-09-28,1577
2014-09-29,1580
2014-09-30,1581
2014-10-01,1583
2014-10-03,1584
2014-10-04,1585
2014-10-05,1586
2014-10-06,1587
2014-10-08,1590
2014-10-09,1592
2014-10-10,1594
2014-10-12,1595
2014-10-13,1596
2014-10-14,1597
2014-10-15,1598
2014-10-17,1600
2014-10-20,1601
2014-10-21,1602
2014-10-22,1604
2014-10-23,1605
2014-10-24,1607
2014-10-26,1608
2014-10-28,1611
2014-10-29,1613
2014-10-30,1615
2014-11-02,1617
2014-11-05,1618
2014-11-06,1621
2014-11-07,1622
2014-11-08,1623
2014-11-09,1624
2014-11-10,1625
2014-11-12,1627
2014-11-13,1629
2014-11-14,1630
2014-11-15,1631
2014-11-18,1632
2014-11-19,1635
2014-11-21,1636
2014-11-22,1637
2014-11-24,1640
2014-11-26,1642
2014-11-27,1643
2014-11-28,1645
2014-11-29,1648
2014-11-30,1650
2014-12-02,1653
2014-12-03,1655
2014-12-04,1656
2014-12-06,1657
2014-12-07,1658
2014-12-08,1659
2014-12-09,1660
2014-12-11,1663
2014-12-12,1664
2014-12-14,1665
2014-12-16,1666
2014-12-17,1668
2014-12-18,1669
2014-12-19,1670
2014-12-20,1671
2014-12-22,1672
2014-12-23,1673
2014-12-24,1674
2014-12-25,1675
2014-12-26,1678
2014-12-27,1680
2014-12-28,1681
2014-12-29,1682
2014-12-30,1685
2015-01-01,1686
2015-01-02,1688
2015-01-05,1690
2015-01-06,1694
2015-01-07,1695
2015-01-08,1697
2015-01-09,1699
2015-01-10,1701
2015-01-11,1703
2015-01-12,1708
2015-01-14,1713
2015-01-15,1714
2015-01-16,1716
2015-01-19,1719
2015-01-20,1726
2015-01-21,1728
2015-01-22,1731
2015-01-23,1734
2015-01-26,1735
2015-01-27,1739
2015-01-28,1741
2015-01-29,1743
2015-01-30,1744
2015-02-01,1745
2015-02-02,1747
2015-02-03,1750
2015-02-04,1751
2015-02-05,1752
2015-02-06,1758
2015-02-07,1760
2015-02-08,1761
2015-02-09,1765
2015-02-10,1770
2015-02-12,1771
2015-02-15,1772
2015-02-16,1774
2015-02-17,1778
2015-02-18,1779
2015-02-19,1781
2015-02-20,1785
2015-02-23,1789
2015-02-25,1793
2015-02-26,1795
2015-02-27,1799
2015-03-01,1800
2015-03-02,1803
2015-03-03,1806
2015-03-04,1809
2015-03-05,1812
2015-03-06,1814
2015-03-07,1817
2015-03-08,1819
2015-03-09,1821
2015-03-10,1825
2015-03-12,1829
2015-03-13,1830
2015-03-14,1831
2015-03-16,1834
2015-03-17,1836
2015-03-18,1841
2015-03-19,1846
2015-03-20,1851
2015-03-23,1852
2015-03-24,1855
2015-03-25,1859
2015-03-26,1861
2015-03-27,1863
2015-03-28,1866
2015-03-29,1868
2015-03-30,1874
2015-03-31,1878
2015-04-01,1881
2015-04-02,1886
2015-04-03,1890
2015-04-04,1892
2015-04-05,1896
2015-04-06,1899
2015-04-07,1901
2015-04-08,1909
2015-04-09,1914
2015-04-10,1917
2015-04-11,1919
2015-04-12,1923
2015-04-13,1925
2015-04-14,1926
2015-04-15,1929
2015-04-16,1931
2015-04-17,1933
2015-04-18,1936
2015-04-19,1939
2015-04-21,1943
2015-04-22,1946
2015-04-24,1948
2015-04-25,1949
2015-04-26,1950
2015-04-27,1953
2015-04-28,1954
2015-04-29,1957
2015-04-30,1961
2015-05-01,1965
2015-05-02,1966
2015-05-03,1967
2015-05-04,1970
2015-05-05,1976
2015-05-07,1983
2015-05-11,1987
2015-05-12,1990
2015-05-13,1992
2015-05-14,1996
2015-05-15,2001
2015-05-18,2004
2015-05-19,2006
2015-05-20,2011
2015-05-21,2014
2015-05-22,2017
2015-05-24,2019
2015-05-25,2020
2015-05-26,2022
2015-05-27,2027
2015-05-28,2029
2015-05-29,2030
2015-05-30,2031
2015-06-01,2034
2015-06-02,2038
2015-06-03,2042
2015-06-04,2047
2015-06-05,2049
2015-06-08,2052
2015-06-09,2053
2015-06-10,2054
2015-06-11,2056
2015-06-12,2057
2015-06-13,2058
2015-06-15,2061
2015-06-16,2063
2015-06-17,2064
2015-06-18,2065
2015-06-19,2067
2015-06-20,2069
2015-06-21,2072
2015-06-22,2074
2015-06-23,2076
2015-06-24,2079
2015-06-25,2081
2015-06-26,2082
2015-06-29,2084
2015-06-30,2086
2015-07-01,2088
2015-07-02,2092
2015-07-03,2093
2015-07-07,2097
2015-07-08,2099
2015-07-09,2104
2015-07-10,2106
2015-07-11,2107
2015-07-12,2109
2015-07-13,2110
2015-07-14,2111
2015-07-15,2112
2015-07-16,2116
2015-07-17,2121
2015-07-18,2124
2015-07-19,2127
2015-07-20,2129
2015-07-22,2132
2015-07-23,2135
2015-07-24,2140
2015-07-26,2142
2015-07-27,2143
2015-07-28,2149
2015-07-29,2151
2015-07-30,2155
2015-07-31,2158
2015-08-03,2160
2015-08-04,2162
2015-08-05,2166
2015-08-07,2168
2015-08-09,2171
2015-08-10,2172
2015-08-11,2175
2015-08-12,2177
2015-08-13,2178
2015-08-14,2179
2015-08-16,2181
2015-08-17,2183
2015-08-18,2186
2015-08-19,2189
2015-08-21,2192
2015-08-22,2193
2015-08-24,2195
2015-08-25,2199
2015-08-26,2203
2015-08-27,2209
2015-08-28,2213
2015-08-29,2214
2015-08-31,2216
2015-09-01,2217
2015-09-02,2219
2015-09-03,2221
2015-09-04,2224
2015-09-06,2225
2015-09-08,2228
2015-09-09,2229
2015-09-10,2235
2015-09-11,2237
2015-09-12,2238
2015-09-14,2242
2015-09-15,2244
2015-09-16,2245
2015-09-17,2247
2015-09-20,2248
2015-09-21,2249
2015-09-23,2251
2015-09-24,2254
2015-09-25,2256
2015-09-26,2259
2015-09-27,2260
2015-09-28,2263
2015-09-29,2264
2015-09-30,2267
2015-10-02,2268
2015-10-03,2269
2015-10-04,2270
2015-10-05,2273
2015-10-07,2280
2015-10-08,2282
2015-10-09,2288
2015-10-11,2289
2015-10-12,2294
2015-10-13,2297
2015-10-15,2304
2015-10-16,2311
2015-10-18,2312
2015-10-19,2326
2015-10-20,2337
2015-10-21,2347
2015-10-22,2355
2015-10-23,2366
2015-10-24,2369
2015-10-26,2371
2015-10-27,2377
2015-10-28,2381
2015-10-29,2386
2015-10-30,2393
2015-10-31,2394
2015-11-01,2395
2015-11-02,2415
2015-11-03,2417
2015-11-04,2428
2015-11-05,2438
2015-11-06,2441
2015-11-07,2442
2015-11-08,2448
2015-11-09,2456
2015-11-10,2461
2015-11-11,2467
2015-11-12,2474
2015-11-13,2479
2015-11-14,2480
2015-11-15,2484
2015-11-16,2495
2015-11-17,2500
2015-11-18,2507
2015-11-19,2509
2015-11-21,2511
2015-11-22,2513
2015-11-23,2517
2015-11-24,2520
2015-11-26,2523
2015-11-27,2524
2015-11-28,2527
2015-11-29,2529
2015-11-30,2534
2015-12-01,2537
2015-12-02,2538
2015-12-03,2540
2015-12-04,2544
2015-12-05,2545
2015-12-06,2546
2015-12-07,2551
2015-12-08,2554
2015-12-09,2560
2015-12-10,2564
2015-12-11,2568
2015-12-12,2569
2015-12-13,2571
2015-12-14,2575
2015-12-15,2580
2015-12-16,2587
2015-12-17,2588
2015-12-18,2590
2015-12-19,2591
2015-12-20,2594
2015-12-21,2597
2015-12-22,2598
2015-12-23,2599
2015-12-24,2601
2015-12-25,2602
2015-12-27,2603
2015-12-28,2606
2015-12-29,2609
2015-12-30,2610
2015-12-31,2611
2016-01-03,2612
2016-01-04,2613
2016-01-05,2618
2016-01-06,2622
2016-01-07,2627
2016-01-08,2632
2016-01-09,2633
2016-01-10,2635
2016-01-13,2639
2016-01-14,2642
2016-01-15,2644
2016-01-16,2645
2016-01-17,2646
2016-01-18,2647
2016-01-19,2655
2016-01-20,2661
2016-01-21,2663
2016-01-22,2667
2016-01-24,2668
2016-01-25,2671
2016-01-26,2674
2016-01-28,2679
2016-01-29,2682
2016-01-30,2683
2016-01-31,2686
2016-02-01,2690
2016-02-02,2694
2016-02-03,2698
2016-02-04,2700
2016-02-05,2704
2016-02-06,2708
2016-02-07,2710
2016-02-08,2714
2016-02-09,2721
2016-02-10,2724
2016-02-11,2726
2016-02-12,2731
2016-02-13,2735
2016-02-14,2737
2016-02-15,2739
2016-02-16,2742
2016-02-17,2750
2016-02-18,2754
2016-02-19,2758
2016-02-20,2759
2016-02-21,2760
2016-02-22,2765
2016-02-23,2772
2016-02-24,2773
2016-02-25,2775
2016-02-26,2779
2016-02-28,2781
2016-02-29,2785
2016-03-01,2786
2016-03-02,2790
2016-03-03,2791
2016-03-04,2796
2016-03-05,2799
2016-03-06,2801
2016-03-07,2805
2016-03-08,2806
2016-03-09,2809
2016-03-10,2813
2016-03-11,2817
2016-03-12,2820
2016-03-13,2824
2016-03-14,2829
2016-03-15,2831
2016-03-16,2838
2016-03-20,2840
2016-03-21,2844
2016-03-22,2848
2016-03-23,2850
2016-03-24,2852
2016-03-25,2854
2016-03-26,2857
2016-03-27,2858
2016-03-28,2859
2016-03-29,2860
2016-03-30,2862
2016-03-31,2863
2016-04-01,2866
2016-04-03,2867
2016-04-05,2870
2016-04-06,2872
2016-04-07,2874
2016-04-08,2878
2016-04-09,2879
2016-04-10,2881
2016-04-12,2884
2016-04-13,2886
2016-04-15,2887
2016-04-16,2888
2016-04-17,2889
2016-04-18,2891
2016-04-19,2892
2016-04-20,2899
2016-04-21,2901
2016-04-22,2903
2016-04-24,2905
2016-04-25,2909
2016-04-26,2914
2016-04-27,2916
2016-04-28,2920
2016-04-29,2922
2016-04-30,2923
2016-05-02,2928
2016-05-03,2931
2016-05-05,2933
2016-05-06,2935
2016-05-10,2937
2016-05-11,2938
2016-05-12,2939
2016-05-13,2940
2016-05-14,2942
2016-05-15,2943
2016-05-16,2947
2016-05-17,2948
2016-05-18,2954
2016-05-19,2956
2016-05-22,2958
2016-05-23,2959
2016-05-24,2964
2016-05-25,2966
2016-05-26,2969
2016-05-27,2971
2016-05-29,2972
2016-05-30,2974
2016-06-01,2977
2016-06-02,2978
2016-06-03,2981
2016-06-05,2982
2016-06-06,2984
2016-06-07,2987
2016-06-08,2990
2016-06-09,2993
2016-06-10,2995
2016-06-11,2996
2016-06-12,2999
2016-06-13,3000
2016-06-14,3003
2016-06-15,3005
2016-06-16,3009
2016-06-17,3011
2016-06-18,3012
2016-06-20,3013
2016-06-21,3014
2016-06-22,3019
2016-06-23,3021
2016-06-24,3023
2016-06-27,3024
2016-06-28,3025
2016-06-30,3026
2016-07-02,3027
2016-07-03,3029
2016-07-04,3031
2016-07-05,3032
2016-07-06,3033
2016-07-07,3034
2016-07-08,3037
2016-07-10,3039
2016-07-11,3042
2016-07-13,3047
2016-07-15,3053
2016-07-16,3062
2016-07-17,3063
2016-07-18,3067
2016-07-19,3070
2016-07-20,3073
2016-07-21,3075
2016-07-22,3077
2016-07-24,3078
2016-07-25,3079
2016-07-26,3086
2016-07-27,3090
2016-07-28,3096
2016-07-29,3101
2016-07-30,3102
2016-07-31,3103
2016-08-01,3104
2016-08-02,3106
2016-08-03,3109
2016-08-04,3115
2016-08-05,3117
2016-08-06,3118
2016-08-08,3119
2016-08-09,3120
2016-08-10,3123
2016-08-11,3126
2016-08-13,3128
2016-08-15,3129
2016-08-16,3133
2016-08-17,3135
2016-08-18,3140
2016-08-19,3143
2016-08-21,3144
2016-08-22,3148
2016-08-23,3152
2016-08-24,3157
2016-08-25,3163
2016-08-26,3168
2016-08-28,3169
2016-08-29,3179
2016-08-30,3182
2016-08-31,3192
2016-09-01,3196
2016-09-02,3198
2016-09-03,3201
2016-09-04,3202
2016-09-05,3203
2016-09-06,3209
2016-09-08,3220
2016-09-09,3224
2016-09-11,3225
2016-09-12,3227
2016-09-13,3232
2016-09-14,3234
2016-09-15,3239
2016-09-16,3240
2016-09-17,3241
2016-09-18,3243
2016-09-20,3245
2016-09-21,3247
2016-09-22,3251
2016-09-23,3254
2016-09-24,3257
2016-09-25,3260
2016-09-26,3262
2016-09-27,3268
2016-09-28,3272
2016-09-29,3282
2016-09-30,3289
2016-10-01,3291
2016-10-02,3294
2016-10-03,3301
2016-10-04,3305
2016-10-05,3313
2016-10-06,3314
2016-10-07,3320
2016-10-08,3322
2016-10-09,3323
2016-10-10,3331
2016-10-11,3336
2016-10-12,3339
2016-10-13,3340
2016-10-14,3343
2016-10-15,3345
2016-10-16,3346
2016-10-17,3351
2016-10-18,3357
2016-10-19,3359
2016-10-20,3363
2016-10-21,3367
2016-10-22,3368
2016-10-23,3369
2016-10-24,3374
2016-10-25,3379
2016-10-26,3387
2016-10-27,3393
2016-10-28,3395
2016-10-29,3399
2016-10-30,3401
2016-10-31,3403
2016-11-01,3406
2016-11-02,3407
2016-11-03,3412
2016-11-05,3414
2016-11-06,3415
2016-11-07,3418
2016-11-08,3420
2016-11-09,3424
2016-11-12,3425
2016-11-13,3428
2016-11-14,3435
2016-11-15,3440
2016-11-16,3446
2016-11-17,3451
2016-11-18,3453
2016-11-20,3454
2016-11-21,3455
2016-11-22,3456
2016-11-23,3458
2016-11-24,3462
2016-11-28,3464
2016-11-29,3465
2016-11-30,3466
2016-12-01,3468
2016-12-02,3472
2016-12-03,3474
2016-12-04,3477
2016-12-05,3480
2016-12-06,3484
2016-12-07,3491
2016-12-08,3498
2016-12-09,3502
2016-12-10,3504
2016-12-12,3508
2016-12-13,3512
2016-12-14,3515
2016-12-15,3521
2016-12-16,3522
2016-12-17,3523
2016-12-18,3525
2016-12-19,3531
2016-12-20,3533
2016-12-21,3535
2016-12-22,3539
2016-12-23,3540
2016-12-24,3542
2016-12-25,3543
2016-12-28,3546
2016-12-30,3547
2017-01-01,3548
2017-01-02,3549
2017-01-03,3551
2017-01-05,3555
2017-01-06,3561
2017-01-07,3562
2017-01-08,3565
2017-01-10,3567
2017-01-11,3572
2017-01-12,3577
2017-01-13,3579
2017-01-14,3581
2017-01-15,3582
2017-01-16,3584
2017-01-17,3585
2017-01-18,3587
2017-01-19,3592
2017-01-23,3595
2017-01-24,3598
2017-01-25,3600
2017-01-26,3601
2017-01-27,3603
2017-01-29,3606
2017-01-30,3610
2017-01-31,3614
2017-02-01,3618
2017-02-02,3626
2017-02-03,3633
2017-02-04,3635
2017-02-06,3638
2017-02-07,3642
2017-02-08,3646
2017-02-09,3652
2017-02-10,3657
2017-02-12,3658
2017-02-13,3662
2017-02-14,3664
2017-02-15,3670
2017-02-16,3673
2017-02-17,3678
2017-02-18,3683
2017-02-19,3687
2017-02-20,3693
2017-02-21,3703
2017-02-22,3706
2017-02-23,3710
2017-02-24,3712
2017-02-25,3714
2017-02-26,3716
2017-02-27,3720
2017-02-28,3724
2017-03-01,3729
2017-03-02,3732
2017-03-03,3743
2017-03-04,3747
2017-03-05,3748
2017-03-06,3754
2017-03-07,3757
2017-03-08,3759
2017-03-09,3760
2017-03-10,3763
2017-03-11,3764
2017-03-13,3768
2017-03-14,3769
2017-03-15,3773
2017-03-16,3777
2017-03-17,3779
2017-03-18,3780
2017-03-19,3782
2017-03-20,3784
2017-03-21,3789
2017-03-22,3796
2017-03-23,3799
2017-03-24,3801
2017-03-25,3805
2017-03-26,3807
2017-03-27,3810
2017-03-28,3812
2017-03-29,3816
2017-03-30,3818
2017-03-31,3826
2017-04-01,3829
2017-04-02,3831
2017-04-03,3835
2017-04-04,3838
2017-04-05,3845
2017-04-06,3849
2017-04-07,3852
2017-04-08,3853
2017-04-11,3855
2017-04-12,3860
2017-04-13,3862
2017-04-14,3864
2017-04-15,3867
2017-04-17,3869
2017-04-18,3871
2017-04-19,3875
2017-04-20,3876
2017-04-21,3878
2017-04-23,3881
2017-04-24,3885
2017-04-25,3891
2017-04-26,3893
2017-04-27,3894
2017-04-28,3895
2017-04-29,3897
2017-04-30,3898
2017-05-01,3901
2017-05-02,3903
2017-05-03,3904
2017-05-04,3907
2017-05-05,3909
2017-05-07,3910
2017-05-08,3913
2017-05-09,3914
2017-05-10,3916
2017-05-11,3920
2017-05-12,3922
2017-05-13,3923
2017-05-14,3926
2017-05-15,3932
2017-05-16,3933
2017-05-17,3937
2017-05-18,3942
2017-05-19,3946
2017-05-20,3948
2017-05-21,3949
2017-05-22,3951
2017-05-23,3956
2017-05-24,3960
2017-05-26,3962
2017-05-27,3964
2017-05-28,3966
2017-05-29,3971
2017-05-30,3973
2017-05-31,3979
2017-06-01,3981
2017-06-02,3983
2017-06-03,3985
2017-06-04,3988
2017-06-05,3991
2017-06-06,4004
2017-06-07,4006
2017-06-08,4008
2017-06-09,4016
2017-06-10,4018
2017-06-11,4019
2017-06-12,4023
2017-06-13,4025
2017-06-14,4029
2017-06-15,4033
2017-06-16,4038
2017-06-17,4040
2017-06-18,4043
2017-06-19,4047
2017-06-20,4058
2017-06-21,4060
2017-06-22,4064
2017-06-24,4069
2017-06-25,4071
2017-06-26,4072
2017-06-27,4075
2017-06-28,4076
2017-06-29,4080
2017-06-30,4082
2017-07-02,4085
2017-07-03,4092
2017-07-04,4093
2017-07-05,4096
2017-07-06,4098
2017-07-07,4103
2017-07-08,4105
2017-07-09,4109
2017-07-10,4112
2017-07-11,4116
2017-07-12,4124
2017-07-13,4132
2017-07-14,4134
2017-07-15,4136
2017-07-16,4140
2017-07-17,4148
2017-07-18,4153
2017-07-19,4156
2017-07-20,4158
2017-07-21,4164
2017-07-23,4165
2017-07-24,4168
2017-07-25,4169
2017-07-26,4172
2017-07-27,4175
2017-07-28,4177
2017-07-30,4178
2017-08-01,4181
2017-08-02,4185
2017-08-03,4189
2017-08-04,4195
2017-08-07,4196
2017-08-08,4197
2017-08-09,4199
2017-08-10,4202
2017-08-11,4207
2017-08-12,4211
2017-08-13,4213
2017-08-14,4219
2017-08-15,4221
2017-08-16,4226
2017-08-17,4230
2017-08-18,4231
2017-08-20,4232
2017-08-21,4238
2017-08-22,4242
2017-08-23,4248
2017-08-24,4253
2017-08-25,4255
2017-08-26,4261
2017-08-27,4262
2017-08-28,4264
2017-08-30,4270
2017-08-31,4274
2017-09-01,4278
2017-09-02,4279
2017-09-03,4281
2017-09-04,4284
2017-09-05,4287
2017-09-06,4292
2017-09-07,4294
2017-09-08,4297
2017-09-09,4301
2017-09-10,4304
2017-09-11,4307
2017-09-12,4315
2017-09-13,4320
2017-09-14,4325
2017-09-15,4330
2017-09-16,4331
2017-09-18,4333
2017-09-19,4340
2017-09-20,4342
2017-09-21,4345
2017-09-22,4348
2017-09-23,4349
2017-09-24,4351
2017-09-25,4353
2017-09-26,4355
2017-09-27,4360
2017-09-28,4361
2017-09-29,4363
2017-09-30,4365
2017-10-02,4367
2017-10-03,4368
2017-10-04,4371
2017-10-05,4374
2017-10-06,4376
2017-10-08,4377
2017-10-09,4382
2017-10-10,4386
2017-10-11,4390
2017-10-12,4392
2017-10-13,4395
2017-10-14,4396
2017-10-15,4398
2017-10-16,4405
2017-10-17,4410
2017-10-18,4414
2017-10-19,4418
2017-10-20,4420
2017-10-21,4422
2017-10-22,4424
2017-10-23,4425
2017-10-24,4432
2017-10-25,4438
2017-10-26,4447
2017-10-27,4449
2017-10-28,4450
2017-10-29,4453
2017-10-30,4454
2017-10-31,4458
2017-11-01,4461
2017-11-02,4464
2017-11-03,4466
2017-11-04,4469
2017-11-06,4475
2017-11-07,4476
2017-11-08,4480
2017-11-09,4481
2017-11-10,4485
2017-11-11,4487
2017-11-12,4490
2017-11-13,4496
2017-11-14,4503
2017-11-15,4506
2017-11-16,4512
2017-11-17,4513
2017-11-18,4515
2017-11-19,4517
2017-11-20,4520
2017-11-21,4525
2017-11-22,4526
2017-11-23,4528
2017-11-24,4529
2017-11-25,4532
2017-11-26,4533
2017-11-28,4536
2017-11-29,4542
2017-11-30,4548
2017-12-01,4554
2017-12-03,4555
2017-12-04,4561
2017-12-05,4566
2017-12-07,4569
2017-12-08,4570
2017-12-09,4574
2017-12-10,4575
2017-12-11,4578
2017-12-12,4582
2017-12-13,4586
2017-12-14,4595
2017-12-15,4599
2017-12-18,4602
2017-12-19,4603
2017-12-20,4604
2017-12-21,4608
2017-12-22,4610
2017-12-24,4614
2017-12-25,4615
2017-12-26,4618
2017-12-27,4620
2017-12-28,4624
2017-12-29,4626
2017-12-31,4627
2018-01-01,4629
2018-01-02,4630
2018-01-03,4632
2018-01-04,4634
2018-01-05,4637
2018-01-06,4639
2018-01-08,4649
2018-01-09,4654
2018-01-10,4658
2018-01-11,4662
2018-01-12,4667
2018-01-13,4669
2018-01-14,4671
2018-01-15,4673
2018-01-17,4679
2018-01-18,4682
2018-01-19,4685
2018-01-20,4686
2018-01-22,4688
2018-01-23,4691
2018-01-24,4696
2018-01-25,4698
2018-01-26,4701
2018-01-27,4702
2018-01-28,4705
2018-01-29,4710
2018-01-30,4714
2018-01-31,4718
2018-02-01,4720
2018-02-02,4722
2018-02-03,4723
2018-02-04,4725
2018-02-05,4727
2018-02-06,4731
2018-02-07,4735
2018-02-08,4738
2018-02-09,4740
2018-02-10,4741
2018-02-11,4742
2018-02-12,4746
2018-02-13,4748
2018-02-14,4752
2018-02-15,4754
2018-02-16,4755
2018-02-17,4757
2018-02-19,4761
2018-02-21,4763
2018-02-22,4767
2018-02-23,4769
2018-02-24,4771
2018-02-25,4775
2018-02-26,4781
2018-02-27,4784
2018-02-28,4788
2018-03-01,4793
2018-03-02,4797
2018-03-04,4798
2018-03-05,4800
2018-03-06,4804
2018-03-07,4810
2018-03-08,4814
2018-03-09,4816
2018-03-10,4818
2018-03-11,4820
2018-03-12,4825
2018-03-13,4826
2018-03-14,4828
2018-03-15,4832
2018-03-16,4836
2018-03-17,4838
2018-03-18,4839
2018-03-19,4843
2018-03-20,4849
2018-03-21,4854
2018-03-22,4859
2018-03-23,4863
2018-03-24,4864
2018-03-25,4866
2018-03-26,4870
2018-03-27,4871
2018-03-28,4875
2018-03-29,4878
2018-03-30,4880
2018-03-31,4881
2018-04-01,4882
2018-04-02,4885
2018-04-03,4888
2018-04-04,4891
2018-04-05,4895
2018-04-06,4899
2018-04-08,4902
2018-04-09,4906
2018-04-10,4909
2018-04-11,4911
2018-04-12,4913
2018-04-13,4914
2018-04-14,4916
2018-04-15,4917
2018-04-16,4921
2018-04-17,4925
2018-04-18,4927
2018-04-19,4928
2018-04-20,4930
2018-04-21,4931
2018-04-23,4933
2018-04-24,4936
2018-04-25,4937
2018-04-26,4939
2018-04-27,4945
2018-04-28,4946
2018-04-30,4947
2018-05-01,4949
2018-05-02,4952
2018-05-03,4955
2018-05-04,4957
2018-05-05,4960
2018-05-09,4963
2018-05-10,4965
2018-05-11,4968
2018-05-12,4969
2018-05-14,4970
2018-05-15,4972
2018-05-16,4973
2018-05-17,4975
2018-05-18,4976
2018-05-19,4977
2018-05-20,4981
2018-05-21,4983
2018-05-22,4985
2018-05-23,4988
2018-05-24,4992
2018-05-25,4995
2018-05-26,5000
2018-05-28,5002
2018-05-29,5004
2018-05-30,5009
2018-05-31,5011
2018-06-01,5015
2018-06-02,5018
2018-06-04,5021
2018-06-05,5025
2018-06-06,5029
2018-06-07,5032
2018-06-09,5036
2018-06-11,5041
2018-06-12,5045
2018-06-13,5049
2018-06-14,5056
2018-06-15,5062
2018-06-16,5064
2018-06-17,5066
2018-06-18,5070
2018-06-19,5073
2018-06-20,5078
2018-06-21,5084
2018-06-23,5085
2018-06-25,5089
2018-06-26,5094
2018-06-27,5099
2018-06-28,5106
2018-06-29,5110
2018-06-30,5111
2018-07-01,5112
2018-07-02,5115
2018-07-03,5121
2018-07-04,5123
2018-07-05,5133
2018-07-06,5137
2018-07-07,5139
2018-07-09,5142
2018-07-10,5145
2018-07-11,5149
2018-07-12,5156
2018-07-13,5160
2018-07-14,5166
2018-07-15,5172
2018-07-16,5187
2018-07-17,5193
2018-07-18,5197
2018-07-19,5201
2018-07-20,5204
2018-07-21,5207
2018-07-22,5208
2018-07-23,5212
2018-07-24,5216
2018-07-25,5221
2018-07-26,5224
2018-07-27,5227
2018-07-30,5230
2018-07-31,5232
2018-08-01,5235
2018-08-02,5237
2018-08-03,5241
2018-08-04,5243
2018-08-06,5249
2018-08-07,5258
2018-08-08,5260
2018-08-09,5264
2018-08-10,5267
2018-08-13,5269
2018-08-14,5272
2018-08-15,5285
2018-08-16,5291
2018-08-17,5293
2018-08-18,5295
2018-08-19,5296
2018-08-20,5302
2018-08-21,5310
2018-08-22,5314
2018-08-23,5315
2018-08-24,5319
2018-08-25,5320
2018-08-26,5321
2018-08-27,5324
2018-08-28,5331
2018-08-29,5335
2018-08-30,5337
2018-08-31,5340
2018-09-01,5342
2018-09-02,5346
2018-09-03,5353
2018-09-04,5358
2018-09-05,5367
2018-09-06,5370
2018-09-07,5374
2018-09-08,5379
2018-09-10,5381
2018-09-12,5383
2018-09-13,5387
2018-09-14,5393
2018-09-15,5395
2018-09-16,5397
2018-09-17,5402
2018-09-18,5404
2018-09-19,5406
2018-09-20,5410
2018-09-21,5414
2018-09-23,5415
2018-09-24,5424
2018-09-25,5427
2018-09-26,5434
2018-09-27,5437
2018-09-28,5444
2018-09-29,5445
2018-09-30,5450
2018-10-01,5455
2018-10-02,5459
2018-10-03,5464
2018-10-04,5478
2018-10-05,5486
2018-10-06,5487
2018-10-07,5489
2018-10-08,5497
2018-10-09,5501
2018-10-10,5505
2018-10-11,5508
2018-10-12,5515
2018-10-13,5517
2018-10-14,5521
2018-10-15,5525
2018-10-16,5529
2018-10-17,5531
2018-10-18,5537
2018-10-19,5540
2018-10-21,5541
2018-10-22,5546
2018-10-23,5552
2018-10-24,5555
2018-10-25,5559
2018-10-26,5563
2018-10-27,5565
2018-10-28,5567
2018-10-29,5571
2018-10-30,5577
2018-10-31,5579
2018-11-01,5581
2018-11-02,5584
2018-11-03,5585
2018-11-04,5586
2018-11-05,5593
2018-11-06,5599
2018-11-07,5604
2018-11-08,5607
2018-11-09,5611
2018-11-10,5613
2018-11-12,5616
2018-11-13,5618
2018-11-14,5622
2018-11-15,5628
2018-11-16,5629
2018-11-18,5633
2018-11-19,5636
2018-11-20,5641
2018-11-21,5646
2018-11-22,5652
2018-11-23,5656
2018-11-26,5663
2018-11-27,5666
2018-11-28,5670
2018-11-29,5672
2018-11-30,5675
2018-12-01,5677
2018-12-02,5679
2018-12-03,5681
2018-12-04,5682
2018-12-05,5686
2018-12-06,5691
2018-12-07,5694
2018-12-08,5695
2018-12-09,5697
2018-12-10,5700
2018-12-11,5705
2018-12-12,5708
2018-12-13,5710
2018-12-14,5717
2018-12-15,5720
2018-12-16,5721
2018-12-17,5726
2018-12-18,5731
2018-12-19,5734
2018-12-20,5739
2018-12-22,5740
2018-12-25,5741
2018-12-26,5745
2018-12-27,5747
2018-12-28,5750
2018-12-29,5751
2018-12-30,5753
2018-12-31,5755
2019-01-01,5757
2019-01-02,5763
2019-01-03,5766
2019-01-04,5770
2019-01-05,5771
2019-01-07,5775
2019-01-08,5778
2019-01-09,5779
2019-01-10,5783
2019-01-11,5789
2019-01-12,5791
2019-01-13,5795
2019-01-14,5798
2019-01-15,5800
2019-01-16,5806
2019-01-17,5808
2019-01-18,5814
2019-01-20,5817
2019-01-22,5821
2019-01-23,5825
2019-01-24,5827
2019-01-25,5828
2019-01-27,5833
2019-01-28,5838
2019-01-29,5839
2019-01-30,5842
2019-01-31,5845
2019-02-01,5846
2019-02-03,5848
2019-02-04,5849
2019-02-06,5855
2019-02-07,5860
2019-02-08,5869
2019-02-10,5872
2019-02-11,5876
2019-02-12,5881
2019-02-13,5885
2019-02-14,5889
2019-02-15,5892
2019-02-16,5894
2019-02-17,5895
2019-02-18,5898
2019-02-19,5903
2019-02-20,5906
2019-02-21,5913
2019-02-22,5918
2019-02-23,5919
2019-02-25,5929
2019-02-26,5937
2019-02-27,5948
2019-02-28,5956
2019-03-01,5968
2019-03-02,5971
2019-03-03,5972
2019-03-04,5978
2019-03-05,5982
2019-03-06,5986
2019-03-07,5993
2019-03-08,5999
2019-03-10,6000
2019-03-11,6001
2019-03-12,6002
2019-03-13,6003
2019-03-14,6006
2019-03-15,6009
2019-03-16,6010
2019-03-17,6011
2019-03-18,6014
2019-03-19,6017
2019-03-20,6019
2019-03-21,6021
2019-03-22,6022
2019-03-23,6024
2019-03-24,6028
2019-03-25,6034
2019-03-26,6037
2019-03-27,6040
2019-03-28,6041
2019-03-30,6043
2019-04-01,6046
2019-04-02,6052
2019-04-03,6055
2019-04-04,6059
2019-04-05,6062
2019-04-06,6064
2019-04-07,6065
2019-04-08,6067
2019-04-09,6071
2019-04-10,6080
2019-04-11,6085
2019-04-12,6089
2019-04-13,6090
2019-04-14,6093
2019-04-15,6095
2019-04-16,6100
2019-04-17,6104
2019-04-18,6106
2019-04-19,6109
2019-04-20,6111
2019-04-22,6115
2019-04-23,6122
2019-04-24,6124
2019-04-25,6128
2019-04-26,6132
2019-04-27,6133
2019-04-28,6135
2019-04-29,6139
2019-04-30,6140
2019-05-01,6145
2019-05-02,6148
2019-05-03,6153
2019-05-04,6155
2019-05-05,6157
2019-05-06,6161
2019-05-07,6163
2019-05-08,6165
2019-05-09,6168
2019-05-10,6176
2019-05-13,6180
2019-05-14,6184
2019-05-15,6188
2019-05-16,6192
2019-05-17,6193
2019-05-18,6194
2019-05-19,6195
2019-05-20,6196
2019-05-21,6201
2019-05-22,6204
2019-05-23,6208
2019-05-24,6210
2019-05-25,6213
2019-05-26,6216
2019-05-27,6218
2019-05-28,6224
2019-05-29,6233
2019-05-30,6237
2019-05-31,6240
2019-06-01,6243
2019-06-02,6245
2019-06-03,6247
2019-06-04,6250
2019-06-05,6251
2019-06-06,6255
2019-06-07,6260
2019-06-08,6261
2019-06-09,6262
2019-06-10,6268
2019-06-11,6271
2019-06-12,6273
2019-06-13,6279
2019-06-14,6281
2019-06-15,6282
2019-06-16,6283
2019-06-17,6289
2019-06-18,6292
2019-06-19,6295
2019-06-20,6297
2019-06-21,6298
2019-06-22,6299
2019-06-23,6301
2019-06-24,6304
2019-06-25,6310
2019-06-26,6317
2019-06-27,6320
2019-06-28,6325
2019-06-29,6328
2019-06-30,6330
2019-07-01,6334
2019-07-02,6336
2019-07-03,6341
2019-07-04,6347
2019-07-05,6353
2019-07-06,6356
2019-07-07,6358
2019-07-08,6360
2019-07-09,6365
2019-07-10,6366
2019-07-11,6367
2019-07-12,6372
2019-07-13,6381
2019-07-14,6387
2019-07-15,6390
2019-07-16,6392
2019-07-17,6398
2019-07-18,6401
2019-07-19,6407
2019-07-20,6410
2019-07-21,6411
2019-07-22,6416
2019-07-23,6421
2019-07-24,6423
2019-07-25,6428
2019-07-26,6432
2019-07-27,6435
2019-07-28,6437
2019-07-29,6442
2019-07-30,6443
2019-07-31,6444
2019-08-01,6448
2019-08-02,6451
2019-08-04,6452
2019-08-05,6461
2019-08-06,6466
2019-08-07,6469
2019-08-08,6476
2019-08-09,6480
2019-08-10,6481
2019-08-11,6483
2019-08-12,6485
2019-08-13,6487
2019-08-14,6490
2019-08-15,6493
2019-08-16,6498
2019-08-19,6500
2019-08-20,6505
2019-08-21,6511
2019-08-22,6521
2019-08-23,6526
2019-08-24,6535
2019-08-25,6536
2019-08-26,6543
2019-08-27,6547
2019-08-28,6552
2019-08-29,6559
2019-08-30,6560
2019-08-31,6563
2019-09-01,6566
2019-09-02,6567
2019-09-03,6571
2019-09-04,6576
2019-09-05,6580
2019-09-06,6583
2019-09-07,6584
2019-09-08,6586
2019-09-09,6589
2019-09-10,6593
2019-09-11,6602
2019-09-12,6605
2019-09-13,6610
2019-09-15,6611
2019-09-16,6616
2019-09-17,6618
2019-09-18,6623
2019-09-19,6631
2019-09-20,6636
2019-09-22,6638
2019-09-23,6641
2019-09-24,6650
2019-09-25,6651
2019-09-28,6652
2019-09-29,6653
2019-10-01,6654
2019-10-02,6656
2019-10-03,6660
2019-10-04,6665
2019-10-06,6668
2019-10-07,6672
2019-10-08,6676
2019-10-10,6679
2019-10-11,6682
2019-10-12,6685
2019-10-14,6693
2019-10-15,6701
2019-10-16,6704
2019-10-17,6706
2019-10-18,6708
2019-10-19,6710
2019-10-20,6712
2019-10-21,6717
2019-10-22,6720
2019-10-23,6723
2019-10-24,6725
2019-10-25,6729
2019-10-26,6730
2019-10-28,6736
2019-10-29,6739
2019-10-30,6743
2019-10-31,6748
2019-11-01,6749
2019-11-02,6757
2019-11-03,6760
2019-11-05,6764
2019-11-06,6771
2019-11-07,6772
2019-11-08,6774
2019-11-09,6778
2019-11-10,6784
2019-11-11,6789
2019-11-12,6796
2019-11-13,6802
2019-11-14,6804
2019-11-15,6807
2019-11-16,6811
2019-11-18,6816
2019-11-19,6822
2019-11-20,6828
2019-11-21,6834
2019-11-24,6836
2019-11-25,6839
2019-11-27,6843
2019-11-28,6848
2019-11-29,6852
2019-11-30,6853
2019-12-01,6857
2019-12-02,6860
2019-12-03,6862
2019-12-04,6873
2019-12-05,6878
2019-12-06,6883
2019-12-07,6889
2019-12-08,6898
2019-12-09,6902
2019-12-10,6906
2019-12-11,6909
2019-12-12,6914
2019-12-13,6921
2019-12-14,6923
2019-12-15,6926
2019-12-16,6932
2019-12-17,6936
2019-12-18,6941
2019-12-19,6943
2019-12-20,6944
2019-12-22,6945
2019-12-23,6947
2019-12-26,6948
2019-12-27,6951
2019-12-29,6952
2019-12-30,6954
2019-12-31,6955
2020-01-01,6956
2020-01-02,6959
2020-01-03,6964
2020-01-04,6967
2020-01-05,6968
2020-01-06,6973
2020-01-07,6980
2020-01-08,6990
2020-01-09,6998
2020-01-10,7001
2020-01-11,7005
2020-01-12,7007
2020-01-13,7011
2020-01-14,7017
2020-01-15,7019
2020-01-16,7023
2020-01-17,7029
2020-01-18,7033
2020-01-19,7036
2020-01-20,7038
2020-01-21,7040
2020-01-22,7041
2020-01-23,7045
2020-01-24,7047
2020-01-25,7049
2020-01-26,7050
2020-01-27,7054
2020-01-28,7057
2020-01-29,7064
2020-01-30,7072
2020-01-31,7078
2020-02-01,7082
2020-02-02,7083
2020-02-03,7088
2020-02-04,7091
2020-02-05,7097
2020-02-06,7101
2020-02-07,7102
2020-02-08,7105
2020-02-10,7111
2020-02-11,7115
2020-02-13,7118
2020-02-14,7122
2020-02-15,7123
2020-02-17,7129
2020-02-18,7131
2020-02-19,7138
2020-02-20,7142
2020-02-21,7147
2020-02-22,7150
2020-02-24,7157
2020-02-25,7164
2020-02-26,7167
2020-02-27,7177
2020-02-28,7182
2020-02-29,7185
2020-03-01,7186
2020-03-02,7190
2020-03-03,7192
2020-03-04,7200
2020-03-05,7206
2020-03-06,7208
2020-03-07,7209
2020-03-08,7210
2020-03-09,7212
2020-03-10,7217
2020-03-12,7218
2020-03-13,7222
2020-03-14,7225
2020-03-15,7227
2020-03-16,7235
2020-03-17,7238
2020-03-19,7239
2020-03-20,7244
2020-03-22,7246
2020-03-23,7249
2020-03-24,7252
2020-03-25,7255
2020-03-26,7257
2020-03-27,7260
2020-03-28,7264
2020-03-29,7269
2020-03-30,7274
2020-03-31,7277
2020-04-01,7280
2020-04-02,7281
2020-04-03,7284
2020-04-04,7286
2020-04-05,7288
2020-04-06,7294
2020-04-07,7298
2020-04-08,7301
2020-04-09,7306
2020-04-10,7309
2020-04-11,7310
2020-04-12,7311
2020-04-13,7314
2020-04-14,7320
2020-04-15,7322
2020-04-16,7328
2020-04-17,7332
2020-04-18,7336
2020-04-19,7337
2020-04-20,7339
2020-04-21,7348
2020-04-22,7350
2020-04-23,7356
2020-04-24,7360
2020-04-25,7361
2020-04-26,7365
2020-04-27,7372
2020-04-28,7378
2020-04-29,7383
2020-05-01,7384
2020-05-02,7388
2020-05-03,7389
2020-05-04,7397
2020-05-05,7399
2020-05-06,7404
2020-05-07,7407
2020-05-08,7411
2020-05-09,7414
2020-05-10,7415
2020-05-11,7420
2020-05-12,7425
2020-05-13,7433
2020-05-14,7437
2020-05-15,7445
2020-05-16,7447
2020-05-17,7448
2020-05-18,7453
2020-05-19,7460
2020-05-20,7468
2020-05-21,7477
2020-05-22,7479
2020-05-23,7481
2020-05-24,7486
2020-05-25,7494
2020-05-26,7499
2020-05-27,7503
2020-05-28,7509
2020-05-29,7513
2020-05-30,7517
2020-05-31,7520
2020-06-01,7529
2020-06-02,7537
2020-06-03,7543
2020-06-04,7547
2020-06-05,7549
2020-06-06,7551
2020-06-07,7553
2020-06-08,7555
2020-06-09,7559
2020-06-10,7562
2020-06-11,7570
2020-06-12,7573
2020-06-13,7575
2020-06-14,7579
2020-06-15,7584
2020-06-17,7590
2020-06-18,7592
2020-06-19,7593
2020-06-21,7594
2020-06-22,7600
2020-06-23,7607
2020-06-24,7611
2020-06-25,7616
2020-06-26,7621
2020-06-27,7622
2020-06-28,7624
2020-06-29,7629
2020-06-30,7637
2020-07-01,7643
2020-07-02,7649
2020-07-03,7656
2020-07-04,7657
2020-07-05,7658
2020-07-06,7663
2020-07-08,7667
2020-07-09,7669
2020-07-11,7671
2020-07-12,7672
2020-07-13,7675
2020-07-14,7676
2020-07-15,7679
2020-07-16,7681
2020-07-17,7687
2020-07-19,7688
2020-07-20,7692
2020-07-21,7698
2020-07-22,7701
2020-07-23,7704
2020-07-24,7706
2020-07-25,7707
2020-07-26,7708
2020-07-27,7714
2020-07-28,7717
2020-07-29,7718
2020-07-30,7722
2020-07-31,7725
2020-08-01,7727
2020-08-02,7728
2020-08-03,7735
2020-08-04,7742
2020-08-05,7746
2020-08-06,7752
2020-08-07,7755
2020-08-08,7756
2020-08-09,7758
2020-08-10,7760
2020-08-11,7762
2020-08-12,7764
2020-08-13,7769
2020-08-14,7772
2020-08-15,7773
2020-08-16,7774
2020-08-17,7777
2020-08-18,7781
2020-08-19,7789
2020-08-20,7794
2020-08-21,7797
2020-08-22,7799
2020-08-24,7800
2020-08-25,7802
2020-08-26,7807
2020-08-27,7812
2020-08-28,7815
2020-08-29,7816
2020-08-30,7817
2020-08-31,7822
2020-09-01,7824
2020-09-02,7828
2020-09-03,7829
2020-09-04,7834
2020-09-06,7839
2020-09-07,7841
2020-09-09,7846
2020-09-10,7848
2020-09-11,7852
2020-09-12,7853
2020-09-13,7854
2020-09-14,7856
2020-09-15,7858
2020-09-16,7863
2020-09-17,7864
2020-09-18,7866
2020-09-19,7867
2020-09-21,7868
2020-09-22,7871
2020-09-23,7872
2020-09-24,7877
2020-09-25,7880
2020-09-26,7881
2020-09-27,7883
2020-09-28,7888
2020-09-29,7894
2020-09-30,7896
2020-10-01,7901
2020-10-02,7904
2020-10-04,7907
2020-10-05,7911
2020-10-06,7916
2020-10-07,7925
2020-10-08,7929
2020-10-09,7933
2020-10-10,7935
2020-10-11,7937
2020-10-12,7942
2020-10-13,7944
2020-10-14,7947
2020-10-15,7951
2020-10-16,7953
2020-10-17,7954
2020-10-18,7955
2020-10-19,7959
2020-10-20,7960
2020-10-21,7962
2020-10-22,7966
2020-10-23,7968
2020-10-25,7971
2020-10-26,7972
2020-10-27,7974
2020-10-28,7978
2020-10-29,7985
2020-10-30,7986
2020-10-31,7989
2020-11-01,7991
2020-11-02,7992
2020-11-03,7998
2020-11-05,8003
2020-11-06,8007
2020-11-07,8008
2020-11-09,8013
2020-11-10,8014
2020-11-11,8018
2020-11-12,8024
2020-11-13,8029
2020-11-14,8030
2020-11-16,8033
2020-11-17,8037
2020-11-18,8039
2020-11-19,8044
2020-11-20,8049
2020-11-21,8053
2020-11-22,8054
2020-11-23,8056
2020-11-24,8057
2020-11-25,8061
2020-11-26,8066
2020-11-27,8072
2020-11-28,8075
2020-11-29,8077
2020-11-30,8080
2020-12-02,8081
2020-12-03,8085
2020-12-04,8088
2020-12-06,8090
2020-12-08,8093
2020-12-09,8098
2020-12-10,8099
2020-12-11,8100
2020-12-12,8103
2020-12-13,8105
2020-12-14,8107
2020-12-15,8110
2020-12-16,8115
2020-12-17,8120
2020-12-18,8123
2020-12-19,8125
2020-12-20,8126
2020-12-21,8128
2020-12-23,8131
2020-12-24,8132
2020-12-26,8133
2020-12-27,8134
2020-12-28,8136
2020-12-29,8137
2020-12-30,8141
2021-01-01,8142
2021-01-02,8147
2021-01-03,8149
2021-01-04,8150
2021-01-05,8157
2021-01-06,8159
2021-01-08,8162
2021-01-09,8163
2021-01-10,8165
2021-01-11,8169
2021-01-12,8171
2021-01-13,8176
2021-01-14,8179
2021-01-16,8181
2021-01-17,8182
2021-01-18,8185
2021-01-19,8189
2021-01-20,8192
2021-01-21,8197
2021-01-22,8202
2021-01-23,8207
2021-01-25,8211
2021-01-26,8214
2021-01-27,8216
2021-01-28,8219
2021-01-29,8220
2021-01-30,8223
2021-01-31,8224
2021-02-01,8227
2021-02-03,8234
2021-02-04,8237
2021-02-05,8244
2021-02-06,8248
2021-02-07,8251
2021-02-08,8254
2021-02-09,8258
2021-02-10,8261
2021-02-11,8263
2021-02-12,8267
2021-02-13,8269
2021-02-14,8272
2021-02-15,8273
2021-02-16,8274
2021-02-17,8277
2021-02-18,8280
2021-02-19,8284
2021-02-20,8285
2021-02-21,8290
2021-02-22,8293
2021-02-23,8296
2021-02-24,8303
2021-02-25,8306
2021-02-26,8311
2021-03-01,8314
2021-03-02,8318
2021-03-03,8325
2021-03-04,8328
2021-03-05,8333
2021-03-06,8334
2021-03-07,8337
2021-03-08,8340
2021-03-09,8341
2021-03-10,8346
2021-03-11,8349
2021-03-12,8350
2021-03-14,8352
2021-03-15,8355
2021-03-16,8359
2021-03-17,8363
2021-03-18,8365
2021-03-19,8366
2021-03-22,8368
2021-03-23,8369
2021-03-24,8370
2021-03-25,8375
2021-03-26,8376
2021-03-27,8379
2021-03-28,8380
2021-03-29,8385
2021-03-30,8387
2021-03-31,8390
2021-04-01,8394
2021-04-02,8397
2021-04-05,8399
2021-04-06,8402
2021-04-07,8405
2021-04-08,8408
2021-04-09,8410
2021-04-10,8412
2021-04-11,8414
2021-04-12,8416
2021-04-13,8425
2021-04-14,8431
2021-04-15,8432
2021-04-16,8433
2021-04-17,8435
2021-04-18,8436
2021-04-19,8437
2021-04-20,8442
2021-04-21,8445
2021-04-22,8449
2021-04-23,8451
2021-04-24,8453
2021-04-25,8456
2021-04-26,8457
2021-04-27,8458
2021-04-29,8460
2021-04-30,8462
2021-05-01,8463
2021-05-03,8470
2021-05-04,8472
2021-05-05,8478
2021-05-06,8483
2021-05-07,8487
2021-05-08,8489
2021-05-09,8490
2021-05-10,8491
2021-05-11,8495
2021-05-12,8499
2021-05-13,8501
2021-05-14,8502
2021-05-18,8503
2021-05-19,8507
2021-05-20,8509
2021-05-21,8510
2021-05-22,8511
2021-05-24,8514
2021-05-25,8517
2021-05-26,8521
2021-05-27,8522
2021-05-28,8524
2021-05-29,8526
2021-05-30,8528
2021-05-31,8529
2021-06-01,8535
2021-06-02,8538
2021-06-03,8541
2021-06-04,8544
2021-06-05,8545
2021-06-07,8550
2021-06-08,8554
2021-06-09,8556
2021-06-10,8558
2021-06-11,8560
2021-06-13,8562
2021-06-14,8564
2021-06-15,8568
2021-06-16,8570
2021-06-17,8575
2021-06-18,8576
2021-06-20,8578
2021-06-21,8582
2021-06-22,8585
2021-06-23,8588
2021-06-24,8592
2021-06-25,8594
2021-06-26,8596
2021-06-28,8598
2021-06-29,8600
2021-06-30,8601
2021-07-01,8602
2021-07-02,8604
2021-07-05,8605
2021-07-06,8608
2021-07-07,8611
2021-07-08,8612
2021-07-09,8614
2021-07-11,8618
2021-07-12,8619
2021-07-13,8623
2021-07-15,8625
2021-07-16,8626
2021-07-17,8628
2021-07-18,8632
2021-07-19,8636
2021-07-20,8639
2021-07-21,8642
2021-07-22,8644
2021-07-23,8647
2021-07-24,8649
2021-07-25,8650
2021-07-26,8653
2021-07-27,8654
2021-07-28,8657
2021-07-29,8661
2021-07-30,8662
2021-07-31,8664
2021-08-01,8666
2021-08-02,8670
2021-08-03,8674
2021-08-04,8678
2021-08-06,8684
2021-08-08,8688
2021-08-09,8692
2021-08-10,8693
2021-08-11,8695
2021-08-12,8696
2021-08-14,8697
2021-08-15,8699
2021-08-16,8704
2021-08-17,8705
2021-08-18,8706
2021-08-19,8709
2021-08-20,8713
2021-08-21,8715
2021-08-22,8716
2021-08-23,8719
2021-08-24,8720
2021-08-25,8721
2021-08-26,8722
2021-08-27,8724
2021-08-28,8726
2021-08-30,8728
2021-08-31,8733
2021-09-01,8735
2021-09-02,8738
2021-09-03,8742
2021-09-04,8743
2021-09-06,8747
2021-09-07,8750
2021-09-08,8752
2021-09-09,8760
2021-09-10,8762
2021-09-13,8764
2021-09-14,8767
2021-09-15,8770
2021-09-16,8774
2021-09-17,8776
2021-09-19,8777
2021-09-21,8778
2021-09-22,8779
2021-09-23,8782
2021-09-24,8789
2021-09-25,8790
2021-09-27,8795
2021-09-28,8798
2021-09-29,8800
2021-09-30,8803
2021-10-01,8808
2021-10-02,8809
2021-10-03,8811
2021-10-04,8813
2021-10-05,8816
2021-10-06,8819
2021-10-07,8825
2021-10-08,8833
2021-10-09,8835
2021-10-10,8836
2021-10-11,8839
2021-10-12,8843
2021-10-13,8846
2021-10-14,8852
2021-10-15,8855
2021-10-16,8857
2021-10-18,8862
2021-10-19,8864
2021-10-20,8865
2021-10-21,8870
2021-10-22,8880
2021-10-24,8882
2021-10-25,8885
2021-10-26,8888
2021-10-27,8893
2021-10-28,8898
2021-10-29,8900
2021-10-30,8901
2021-10-31,8902
2021-11-01,8905
2021-11-02,8909
2021-11-03,8911
2021-11-04,8916
2021-11-05,8917
2021-11-06,8920
2021-11-07,8922
2021-11-08,8924
2021-11-09,8926
2021-11-10,8928
2021-11-12,8932
2021-11-14,8936
2021-11-15,8941
2021-11-16,8946
2021-11-17,8951
2021-11-19,8954
2021-11-20,8956
2021-11-21,8958
2021-11-22,8961
2021-11-23,8965
2021-11-24,8969
2021-11-25,8971
2021-11-26,8972
2021-11-27,8973
2021-11-29,8978
2021-11-30,8982
2021-12-01,8983
2021-12-02,8985
2021-12-03,8991
2021-12-04,8995
2021-12-05,8998
2021-12-06,9002
2021-12-07,9005
2021-12-08,9009
2021-12-09,9014
2021-12-10,9020
2021-12-12,9021
2021-12-13,9024
2021-12-14,9027
2021-12-15,9033
2021-12-16,9035
2021-12-17,9036
2021-12-18,9037
2021-12-19,9038
2021-12-20,9041
2021-12-21,9045
2021-12-22,9049
2021-12-27,9050
2021-12-28,9052
2021-12-29,9054
2021-12-30,9055
2021-12-31,9056
2022-01-01,9057
2022-01-02,9058
2022-01-03,9059
2022-01-04,9062
2022-01-06,9066
2022-01-07,9067
2022-01-08,9068
2022-01-09,9070
2022-01-10,9076
2022-01-11,9079
2022-01-12,9082
2022-01-14,9084
2022-01-15,9086
2022-01-16,9087
2022-01-17,9091
2022-01-19,9094
2022-01-21,9099
2022-01-22,9100
2022-01-23,9101
2022-01-24,9103
2022-01-25,9105
2022-01-26,9106
2022-01-27,9109
2022-01-28,9111
2022-01-29,9112
2022-01-30,9116
2022-01-31,9119
2022-02-01,9120
2022-02-02,9122
2022-02-03,9124
2022-02-04,9126
2022-02-05,9127
2022-02-06,9128
2022-02-07,9135
2022-02-08,9138
2022-02-09,9143
2022-02-10,9150
2022-02-11,9153
2022-02-12,9157
2022-02-13,9158
2022-02-14,9161
2022-02-15,9165
2022-02-16,9167
2022-02-17,9173
2022-02-18,9178
2022-02-19,9180
2022-02-20,9182
2022-02-21,9183
2022-02-22,9187
2022-02-23,9190
2022-02-24,9191
2022-02-25,9194
2022-02-27,9198
2022-02-28,9199
2022-03-01,9201
2022-03-02,9202
2022-03-03,9207
2022-03-04,9210
2022-03-05,9211
2022-03-06,9213
2022-03-07,9214
2022-03-08,9216
2022-03-10,9221
2022-03-11,9226
2022-03-12,9229
2022-03-13,9232
2022-03-14,9238
2022-03-15,9244
2022-03-16,9246
2022-03-17,9251
2022-03-18,9253
2022-03-20,9255
2022-03-21,9257
2022-03-23,9261
2022-03-24,9263
2022-03-25,9266
2022-03-26,9267
2022-03-27,9270
2022-03-28,9275
2022-03-29,9278
2022-03-30,9280
2022-03-31,9283
2022-04-01,9288
2022-04-02,9289
2022-04-04,9290
2022-04-05,9291
2022-04-06,9293
2022-04-07,9297
2022-04-08,9298
2022-04-09,9299
2022-04-11,9303
2022-04-12,9305
2022-04-14,9308
2022-04-15,9310
2022-04-18,9312
2022-04-19,9315
2022-04-20,9318
2022-04-21,9324
2022-04-22,9327
2022-04-23,9329
2022-04-24,9330
2022-04-25,9332
2022-04-27,9334
2022-04-28,9336
2022-04-29,9339
2022-04-30,9341
2022-05-01,9343
2022-05-02,9344
2022-05-03,9347
2022-05-04,9350
2022-05-05,9352
2022-05-06,9353
2022-05-09,9355
2022-05-10,9358
2022-05-11,9359
2022-05-12,9360
2022-05-13,9368
2022-05-15,9370
2022-05-16,9374
2022-05-17,9380
2022-05-18,9383
2022-05-19,9386
2022-05-20,9390
2022-05-21,9391
2022-05-23,9392
2022-05-24,9393
2022-05-25,9396
2022-05-26,9397
2022-05-27,9398
2022-05-28,9399
2022-05-30,9400
2022-05-31,9405
2022-06-01,9409
2022-06-02,9414
2022-06-03,9417
2022-06-06,9419
2022-06-07,9421
2022-06-08,9423
2022-06-09,9426
2022-06-10,9427
2022-06-12,9429
2022-06-13,9430
2022-06-14,9433
2022-06-15,9439
2022-06-16,9442
2022-06-17,9447
2022-06-18,9448
2022-06-19,9449
2022-06-20,9450
2022-06-21,9454
2022-06-22,9458
2022-06-23,9460
2022-06-24,9463
2022-06-25,9464
2022-06-26,9465
2022-06-27,9467
2022-06-28,9469
2022-06-29,9474
2022-06-30,9475
2022-07-01,9476
2022-07-03,9477
2022-07-04,9480
2022-07-05,9483
2022-07-07,9485
2022-07-08,9486
2022-07-09,9488
2022-07-11,9489
2022-07-12,9492
2022-07-13,9493
2022-07-14,9497
2022-07-15,9500
2022-07-16,9507
2022-07-17,9509
2022-07-18,9512
2022-07-20,9515
2022-07-21,9516
2022-07-22,9518
2022-07-24,9519
2022-07-25,9521
2022-07-26,9526
2022-07-27,9528
2022-07-28,9532
2022-07-29,9534
2022-07-30,9536
2022-07-31,9539
2022-08-02,9544
2022-08-03,9545
2022-08-04,9548
2022-08-05,9550
2022-08-06,9553
2022-08-09,9557
2022-08-10,9558
2022-08-11,9559
2022-08-12,9561
2022-08-14,9562
2022-08-15,9564
2022-08-18,9566
2022-08-19,9571
2022-08-22,9572
2022-08-23,9574
2022-08-24,9582
2022-08-25,9586
2022-08-26,9589
2022-08-27,9592
2022-08-28,9594
2022-08-30,9595
2022-08-31,9596
2022-09-01,9600
2022-09-02,9602
2022-09-04,9604
2022-09-05,9605
2022-09-06,9607
2022-09-07,9611
2022-09-08,9612
2022-09-09,9614
2022-09-12,9615
2022-09-13,9619
2022-09-14,9621
2022-09-16,9623
2022-09-17,9624
2022-09-18,9626
2022-09-19,9627
2022-09-21,9630
2022-09-22,9631
2022-09-23,9634
2022-09-24,9636
2022-09-26,9639
2022-09-27,9641
2022-09-28,9642
2022-09-29,9645
2022-09-30,9647
2022-10-01,9648
2022-10-03,9650
2022-10-04,9654
2022-10-05,9655
2022-10-06,9656
2022-10-07,9659
2022-10-08,9661
2022-10-09,9664
2022-10-10,9667
2022-10-11,9670
2022-10-12,9671
2022-10-13,9675
2022-10-14,9679
2022-10-15,9680
2022-10-16,9681
2022-10-17,9684
2022-10-18,9688
2022-10-19,9692
2022-10-20,9693
2022-10-21,9695
2022-10-22,9697
2022-10-23,9698
2022-10-24,9704
2022-10-25,9707
2022-10-26,9709
2022-10-27,9711
2022-10-28,9715
2022-10-29,9716
2022-10-30,9717
2022-10-31,9720
2022-11-01,9721
2022-11-02,9723
2022-11-03,9726
2022-11-04,9728
2022-11-05,9730
2022-11-06,9732
2022-11-07,9733
2022-11-08,9738
2022-11-09,9743
2022-11-10,9745
2022-11-11,9748
2022-11-12,9749
2022-11-13,9750
2022-11-14,9752
2022-11-15,9757
2022-11-16,9758
2022-11-17,9761
2022-11-18,9763
2022-11-19,9765
2022-11-20,9769
2022-11-21,9771
2022-11-22,9772
2022-11-24,9775
2022-11-25,9779
2022-11-26,9780
2022-11-27,9781
2022-11-28,9783
2022-11-29,9787
2022-11-30,9793
2022-12-02,9795
2022-12-03,9798
2022-12-04,9799
2022-12-05,9801
2022-12-06,9803
2022-12-07,9804
2022-12-08,9805
2022-12-09,9809
2022-12-10,9811
2022-12-11,9813
2022-12-12,9817
2022-12-13,9819
2022-12-15,9820
2022-12-16,9821
2022-12-18,9823
2022-12-19,9825
2022-12-20,9827
2022-12-22,9829
2022-12-23,9830
2022-12-24,9831
2022-12-26,9832
2022-12-27,9833
2022-12-28,9834
2022-12-29,9837
2022-12-30,9839
2023-01-02,9841
2023-01-04,9845
2023-01-05,9847
2023-01-06,9850
2023-01-07,9851
2023-01-08,9854
2023-01-09,9856
2023-01-10,9857
2023-01-11,9859
2023-01-12,9860
2023-01-13,9861
2023-01-14,9863
2023-01-15,9867
2023-01-16,9871
2023-01-17,9875
2023-01-19,9878
2023-01-20,9881
2023-01-22,9882
2023-01-23,9883
2023-01-24,9886
2023-01-25,9888
2023-01-26,9894
2023-01-27,9896
2023-01-30,9897
2023-01-31,9902
2023-02-01,9903
2023-02-02,9906
2023-02-03,9908
2023-02-04,9909
2023-02-06,9911
2023-02-07,9913
2023-02-08,9915
2023-02-09,9918
2023-02-10,9923
2023-02-11,9924
2023-02-13,9928
2023-02-14,9934
2023-02-15,9935
2023-02-16,9939
2023-02-17,9945
2023-02-18,9947
2023-02-20,9950
2023-02-21,9951
2023-02-22,9953
2023-02-23,9955
2023-02-24,9959
2023-02-25,9960
2023-02-26,9961
2023-02-27,9966
2023-02-28,9970
2023-03-01,9971
2023-03-03,9975
2023-03-04,9976
2023-03-05,9978
2023-03-06,9981
2023-03-07,9983
2023-03-08,9984
2023-03-09,9985
2023-03-10,9987
2023-03-11,9988
2023-03-12,9990
2023-03-13,9991
2023-03-14,9996
2023-03-15,9997
2023-03-16,9999
2023-03-17,10003
2023-03-18,10004
2023-03-19,10006
2023-03-21,10009
2023-03-22,10015
2023-03-23,10020
2023-03-24,10023
2023-03-26,10025
2023-03-27,10029
2023-03-28,10030
2023-03-29,10032
2023-03-30,10034
2023-03-31,10036
2023-04-01,10038
2023-04-02,10039
2023-04-03,10042
2023-04-04,10046
2023-04-05,10052
2023-04-06,10053
2023-04-07,10054
2023-04-08,10055
2023-04-10,10056
2023-04-11,10057
2023-04-12,10062
2023-04-13,10063
2023-04-14,10067
2023-04-15,10068
2023-04-17,10070
2023-04-18,10071
2023-04-19,10077
2023-04-20,10080
2023-04-21,10083
2023-04-23,10084
2023-04-24,10086
2023-04-25,10088
2023-04-27,10090
2023-04-28,10093
2023-04-29,10094
2023-04-30,10100
2023-05-03,10101
2023-05-04,10103
2023-05-05,10107
2023-05-07,10109
2023-05-08,10111
2023-05-10,10112
2023-05-11,10114
2023-05-12,10115
2023-05-14,10118
2023-05-15,10119
2023-05-16,10120
2023-05-17,10121
2023-05-18,10124
2023-05-19,10127
2023-05-20,10130
2023-05-22,10135
2023-05-23,10136
2023-05-24,10138
2023-05-25,10142
2023-05-26,10144
2023-05-27,10145
2023-05-28,10149
2023-05-30,10150
2023-05-31,10151
2023-06-01,10152
2023-06-02,10155
2023-06-03,10162
2023-06-04,10163
2023-06-05,10168
2023-06-06,10170
2023-06-07,10173
2023-06-08,10179
2023-06-09,10181
2023-06-12,10183
2023-06-13,10184
2023-06-15,10190
2023-06-16,10192
2023-06-18,10195
2023-06-19,10200
2023-06-20,10203
2023-06-21,10206
2023-06-22,10207
2023-06-23,10211
2023-06-25,10213
2023-06-26,10215
2023-06-27,10218
2023-06-28,10221
2023-06-29,10223
2023-06-30,10225
2023-07-01,10226
2023-07-02,10227
2023-07-03,10229
2023-07-04,10234
2023-07-05,10238
2023-07-06,10241
2023-07-07,10247
2023-07-08,10249
2023-07-10,10250
2023-07-11,10251
2023-07-12,10253
2023-07-13,10256
2023-07-14,10257
2023-07-16,10259
2023-07-17,10260
2023-07-18,10262
2023-07-19,10264
2023-07-20,10270
2023-07-21,10273
2023-07-22,10274
2023-07-24,10279
2023-07-25,10281
2023-07-26,10284
2023-07-27,10286
2023-07-28,10290
2023-07-29,10292
2023-07-30,10295
2023-07-31,10297
2023-08-01,10302
2023-08-02,10305
2023-08-03,10310
2023-08-04,10315
2023-08-06,10316
2023-08-07,10318
2023-08-08,10321
2023-08-09,10322
2023-08-10,10323
2023-08-11,10324
2023-08-12,10325
2023-08-13,10327
2023-08-14,10328
2023-08-15,10330
2023-08-16,10333
2023-08-17,10338
2023-08-18,10343
2023-08-19,10344
2023-08-20,10345
2023-08-21,10346
2023-08-22,10348
2023-08-23,10350
2023-08-24,10355
2023-08-25,10356
2023-08-26,10357
2023-08-27,10359
2023-08-28,10363
2023-08-29,10366
2023-08-30,10367
2023-08-31,10371
2023-09-01,10372
2023-09-02,10375
2023-09-04,10378
2023-09-06,10382
2023-09-07,10383
2023-09-08,10384
2023-09-09,10385
2023-09-10,10386
2023-09-11,10389
2023-09-12,10394
2023-09-13,10400
2023-09-14,10404
2023-09-15,10406
2023-09-16,10407
2023-09-17,10410
2023-09-18,10411
2023-09-19,10413
2023-09-20,10416
2023-09-21,10421
2023-09-22,10425
2023-09-23,10426
2023-09-25,10430
2023-09-26,10433
2023-09-27,10438
2023-09-28,10439
2023-09-29,10441
2023-09-30,10447
2023-10-01,10450
2023-10-02,10451
2023-10-03,10452
2023-10-04,10456
2023-10-05,10457
2023-10-06,10459
2023-10-07,10460
2023-10-08,10461
2023-10-09,10462
2023-10-10,10466
2023-10-11,10468
2023-10-13,10470
2023-10-16,10475
2023-10-17,10476
2023-10-18,10480
2023-10-19,10483
2023-10-20,10485
2023-10-23,10487
2023-10-24,10493
2023-10-25,10496
2023-10-27,10497
2023-10-28,10498
2023-10-29,10499
2023-10-30,10500
2023-10-31,10504
2023-11-02,10507
2023-11-04,10508
2023-11-05,10509
2023-11-07,10513
2023-11-08,10519
2023-11-09,10520
2023-11-11,10521
2023-11-12,10522
2023-11-13,10525
2023-11-14,10529
2023-11-15,10530
2023-11-17,10532
2023-11-18,10533
2023-11-19,10534
2023-11-20,10536
2023-11-21,10538
2023-11-22,10539
2023-11-24,10540
2023-11-25,10541
2023-11-26,10544
2023-11-29,10548
2023-11-30,10553
2023-12-01,10554
2023-12-02,10555
2023-12-04,10557
2023-12-05,10558
2023-12-06,10560
2023-12-08,10561
2023-12-10,10565
2023-12-11,10566
2023-12-12,10568
2023-12-13,10570
2023-12-14,10574
2023-12-16,10576
2023-12-17,10578
2023-12-18,10579
2023-12-19,10584
2023-12-20,10586
2023-12-21,10588
2023-12-22,10592
2023-12-23,10595
2023-12-24,10596
2023-12-27,10597
2024-01-02,10601
2024-01-03,10604
2024-01-07,10605
2024-01-08,10607
2024-01-09,10609
2024-01-10,10612
2024-01-12,10613
2024-01-15,10615
2024-01-16,10617
2024-01-17,10619
2024-01-18,10625
2024-01-19,10628
2024-01-20,10629
2024-01-21,10630
2024-01-22,10631
2024-01-23,10634
2024-01-24,10639
2024-01-25,10643
2024-01-26,10645
2024-01-27,10646
2024-01-28,10650
2024-01-29,10654
2024-01-30,10657
2024-01-31,10662
2024-02-01,10667
2024-02-02,10669
2024-02-03,10670
2024-02-05,10674
2024-02-06,10676
2024-02-07,10677
2024-02-08,10680
2024-02-09,10683
2024-02-10,10684
2024-02-11,10685
2024-02-12,10687
2024-02-15,10689
2024-02-16,10690
2024-02-17,10691
2024-02-18,10693
2024-02-19,10695
2024-02-20,10702
2024-02-21,10703
2024-02-22,10704
2024-02-23,10705
2024-02-24,10708
2024-02-25,10711
2024-02-26,10715
2024-02-27,10716
2024-02-28,10719
2024-02-29,10721
2024-03-01,10722
2024-03-04,10726
2024-03-06,10729
2024-03-07,10730
2024-03-08,10731
2024-03-10,10733
2024-03-11,10735
2024-03-12,10738
2024-03-13,10739
2024-03-14,10741
2024-03-15,10744
2024-03-17,10748
2024-03-19,10749
2024-03-20,10754
2024-03-21,10755
2024-03-22,10756
2024-03-23,10757
2024-03-24,10758
2024-03-26,10763
2024-03-27,10767
2024-03-28,10771
2024-03-29,10773
2024-03-31,10777
2024-04-02,10779
2024-04-03,10780
2024-04-04,10782
2024-04-05,10783
2024-04-06,10784
2024-04-07,10785
2024-04-09,10788
2024-04-10,10790
2024-04-11,10791
2024-04-12,10795
2024-04-13,10798
2024-04-15,10800
2024-04-16,10801
2024-04-19,10803
2024-04-20,10805
2024-04-22,10807
2024-04-23,10808
2024-04-24,10812
2024-04-25,10816
2024-04-26,10820
2024-04-29,10822
2024-04-30,10825
2024-05-01,10828
2024-05-02,10833
2024-05-03,10837
2024-05-04,10839
2024-05-05,10840
2024-05-06,10844
2024-05-07,10846
2024-05-08,10852
2024-05-09,10854
2024-05-10,10857
2024-05-11,10859
2024-05-13,10861
2024-05-14,10865
2024-05-16,10868
2024-05-17,10871
2024-05-18,10873
2024-05-19,10874
2024-05-20,10876
2024-05-21,10882
2024-05-22,10885
2024-05-23,10889
2024-05-24,10893
2024-05-25,10896
2024-05-27,10897
2024-05-28,10899
2024-05-29,10900
2024-05-30,10902
2024-05-31,10904
2024-06-02,10906
2024-06-03,10909
2024-06-04,10910
2024-06-05,10913
2024-06-06,10917
2024-06-07,10918
2024-06-10,10921
2024-06-11,10923
2024-06-13,10927
2024-06-14,10930
2024-06-17,10933
2024-06-18,10934
2024-06-19,10941
2024-06-20,10945
2024-06-21,10950
2024-06-22,10954
2024-06-23,10956
2024-06-24,10958
2024-06-26,10959
2024-06-27,10962
2024-06-28,10967
2024-06-29,10968
2024-07-01,10970
2024-07-02,10973
2024-07-03,10977
2024-07-04,10981
2024-07-05,10983
2024-07-06,10986
2024-07-07,10987
2024-07-08,10990
2024-07-09,10991
2024-07-10,10998
2024-07-11,11000
2024-07-12,11002
2024-07-15,11005
2024-07-16,11009
2024-07-17,11012
2024-07-18,11015
2024-07-19,11019
2024-07-21,11021
2024-07-22,11026
2024-07-23,11029
2024-07-24,11031
2024-07-25,11035
2024-07-26,11039
2024-07-29,11040
2024-07-30,11045
2024-07-31,11048
2024-08-01,11055
2024-08-02,11058
2024-08-04,11060
2024-08-05,11062
2024-08-06,11065
2024-08-08,11066
2024-08-09,11068
2024-08-10,11070
2024-08-11,11072
2024-08-13,11075
2024-08-14,11077
2024-08-15,11080
2024-08-16,11081
2024-08-17,11082
2024-08-19,11083
2024-08-21,11086
2024-08-22,11087
2024-08-25,11088
2024-08-26,11089
2024-08-27,11092
2024-08-28,11093
2024-08-29,11095
2024-08-30,11097
2024-08-31,11099
2024-09-02,11101
2024-09-03,11102
2024-09-04,11105
2024-09-05,11107
2024-09-06,11109
2024-09-08,11111
2024-09-09,11113
2024-09-10,11115
2024-09-11,11117
2024-09-12,11119
2024-09-14,11120
2024-09-15,11121
2024-09-16,11125
2024-09-17,11128
2024-09-19,11131
2024-09-20,11133
2024-09-21,11134
2024-09-22,11136
2024-09-23,11139
2024-09-24,11141
2024-09-25,11143
2024-09-27,11144
2024-09-28,11145
2024-09-29,11147
2024-09-30,11149
2024-10-01,11150
2024-10-02,11151
2024-10-03,11153
2024-10-04,11157
2024-10-05,11158
2024-10-06,11160
2024-10-07,11162
2024-10-09,11164
2024-10-10,11165
2024-10-12,11166
2024-10-13,11172
2024-10-14,11173
2024-10-15,11176
2024-10-16,11178
2024-10-17,11179
2024-10-18,11181
2024-10-19,11184
2024-10-21,11185
2024-10-22,11189
2024-10-23,11192
2024-10-25,11194
2024-10-27,11197
2024-10-28,11198
2024-10-30,11200
2024-10-31,11201
2024-11-01,11205
2024-11-02,11208
2024-11-04,11211
2024-11-05,11217
2024-11-07,11218
2024-11-08,11223
2024-11-09,11224
2024-11-10,11225
2024-11-12,11226
2024-11-13,11228
2024-11-14,11230
2024-11-15,11237
2024-11-16,11239
2024-11-18,11241
2024-11-19,11245
2024-11-20,11247
2024-11-21,11252
2024-11-22,11253
2024-11-23,11256
2024-11-26,11257
2024-11-27,11260
2024-11-28,11262
2024-11-29,11263
2024-11-30,11265
2024-12-02,11270
2024-12-03,11274
2024-12-04,11276
2024-12-05,11277
2024-12-07,11280
2024-12-08,11282
2024-12-09,11285
2024-12-10,11290
2024-12-11,11294
2024-12-12,11296
2024-12-13,11298
2024-12-16,11301
2024-12-17,11302
2024-12-18,11304
2024-12-19,11306
2024-12-21,11308
2024-12-22,11309
2024-12-25,11310
2024-12-26,11312
2024-12-27,11314
2024-12-28,11315
2024-12-31,11316
2025-01-02,11318
2025-01-05,11319
2025-01-06,11321
2025-01-09,11322
2025-01-10,11325
2025-01-11,11326
2025-01-12,11327
2025-01-13,11331
2025-01-14,11332
2025-01-15,11335
2025-01-16,11336
2025-01-17,11339
2025-01-18,11340
2025-01-19,11341
2025-01-20,11342
2025-01-21,11345
2025-01-22,11348
2025-01-24,11350
2025-01-25,11351
2025-01-29,11352
2025-01-30,11355
2025-01-31,11357
2025-02-02,11359
2025-02-03,11364
2025-02-04,11366
2025-02-05,11367
2025-02-06,11369
2025-02-07,11371
2025-02-08,11372
2025-02-10,11374
2025-02-11,11376
2025-02-12,11380
2025-02-13,11382
2025-02-14,11385
2025-02-15,11386
2025-02-18,11388
2025-02-19,11389
2025-02-20,11390
2025-02-24,11392
2025-02-25,11394
2025-02-26,11397
2025-02-27,11400
2025-02-28,11401
2025-03-01,11402
2025-03-02,11403
2025-03-03,11405
2025-03-04,11409
2025-03-06,11411
2025-03-07,11415
2025-03-08,11417
2025-03-09,11418
2025-03-10,11420
2025-03-11,11422
2025-03-12,11425
2025-03-13,11429
2025-03-16,11430
2025-03-17,11431
2025-03-18,11433
2025-03-19,11435
2025-03-20,11438
2025-03-21,11441
2025-03-22,11442
2025-03-24,11443
2025-03-26,11445
2025-03-27,11447
2025-03-28,11448
2025-03-31,11449
2025-04-01,11450
2025-04-02,11454
2025-04-03,11455
2025-04-04,11456
2025-04-07,11457
2025-04-09,11459
2025-04-10,11460
2025-04-11,11463
2025-04-13,11464
2025-04-14,11465
2025-04-15,11467
2025-04-17,11471
2025-04-18,11473
2025-04-21,11474
2025-04-23,11475
2025-04-24,11479
2025-04-26,11480
2025-04-27,11481
2025-04-28,11482
2025-04-29,11483
2025-04-30,11484
2025-05-01,11489
2025-05-05,11492
2025-05-06,11496
2025-05-07,11499
2025-05-09,11500
2025-05-10,11502
2025-05-11,11503
2025-05-12,11504
2025-05-13,11506
2025-05-14,11508
2025-05-15,11511
2025-05-16,11515
2025-05-18,11516
2025-05-19,11521
2025-05-20,11524
2025-05-21,11527
2025-05-22,11528
2025-05-24,11529
2025-05-28,11534
2025-06-01,11535
2025-06-02,11536
2025-06-03,11537
2025-06-06,11538
2025-06-08,11539
2025-06-10,11540
2025-06-11,11543
2025-06-12,11546
2025-06-13,11549
2025-06-14,11550
2025-06-15,11551
2025-06-16,11553
2025-06-17,11556
2025-06-18,11558
2025-06-19,11562
2025-06-20,11566
2025-06-21,11568
2025-06-22,11569
2025-06-23,11572
2025-06-25,11575
2025-06-27,11576
2025-06-28,11577
2025-06-30,11578
2025-07-04,11580
2025-07-05,11581
2025-07-07,11584
2025-07-08,11585
2025-07-09,11590
2025-07-10,11591
2025-07-12,11598
2025-07-13,11601
2025-07-15,11602
2025-07-16,11606
2025-07-17,11608
2025-07-18,11610
2025-07-19,11611
2025-07-20,11612
2025-07-21,11617
2025-07-22,11618
2025-07-25,11619
2025-07-27,11620
2025-07-28,11621
2025-07-31,11623
2025-08-02,11624
2025-08-03,11627
2025-08-06,11630
2025-08-07,11632
2025-08-08,11635
2025-08-09,11638
2025-08-10,11639
2025-08-11,11641
2025-08-12,11642
