date,commits
2024-09-03,1
2024-09-04,2
2024-09-05,4
2024-09-06,3
2024-09-09,1
2024-09-12,2
2024-09-13,1
2024-09-16,2
2024-09-17,1
2024-09-18,1
2024-09-19,2
2024-09-20,2
2024-09-23,4
2024-09-24,3
2024-09-25,2
2024-09-26,1
2024-09-27,2
2024-09-30,1
2024-10-02,2
2024-10-07,8
2024-10-08,1
2024-10-14,1
2024-10-17,2
2024-10-20,1
2024-10-21,1
2024-10-22,2
2024-10-24,1
2024-10-28,1
2024-11-06,1
2024-11-12,1
2024-11-14,3
2024-11-15,1
2024-11-18,4
2024-11-20,1
2024-11-21,1
2024-11-22,1
2024-11-24,1
2024-11-25,4
2024-11-27,3
2024-11-28,1
2024-11-29,1
2024-12-02,1
2024-12-06,1
2024-12-07,4
2024-12-09,4
2024-12-10,2
2024-12-11,4
2024-12-12,1
2025-01-02,1
2025-01-06,1
2025-01-07,1
2025-01-11,1
2025-01-27,6
2025-01-30,2
2025-01-31,1
2025-02-04,5
2025-02-11,1
2025-02-14,1
2025-02-17,1
2025-02-24,1
2025-02-27,1
2025-03-03,1
2025-03-19,1
2025-03-21,1
2025-03-28,2
2025-04-01,2
2025-04-02,4
2025-04-03,5
2025-04-06,1
2025-04-09,1
2025-04-10,1
2025-04-11,6
2025-04-13,2
2025-04-14,4
2025-04-15,2
2025-04-16,2
2025-04-22,2
2025-04-23,3
2025-04-25,5
2025-04-28,4
2025-04-29,1
2025-04-30,7
2025-05-02,1
2025-05-05,2
2025-05-06,1
2025-05-08,1
2025-05-12,3
2025-05-13,2
2025-05-14,2
2025-05-15,3
2025-05-16,3
2025-05-19,2
2025-05-21,1
2025-05-22,1
2025-05-23,2
2025-05-25,1
2025-05-26,1
2025-05-28,1
2025-06-04,3
2025-06-06,4
2025-06-07,1
2025-06-09,1
2025-06-10,1
2025-06-12,1
2025-06-16,2
2025-06-18,1
2025-06-19,2
2025-06-23,3
2025-06-24,2
2025-06-25,1
2025-06-27,7
2025-06-30,1
2025-07-03,1
2025-07-08,1
2025-07-10,4
2025-07-11,9
2025-07-15,2
2025-07-16,1
2025-07-18,4
2025-07-20,1
2025-07-21,2
2025-07-22,8
2025-07-23,7
2025-07-24,3
2025-07-25,1
2025-07-28,1
2025-08-10,1
2025-08-11,1
2025-08-12,1
2025-08-16,1
2025-08-28,4
